transaction_id,timestamp,sender_id,receiver_id,amount,merchant_category,transaction_type,location,device_type,upi_channel,hour,day_of_week,is_weekend,is_late_night,amount_deviation,transactions_last_1h,recipient_repeat_count,previous_device,previous_location,device_changed,location_changed,fraud_label,user_avg_amount,user_median_amount,user_max_amount,user_transaction_count,iqr_anomaly,isolation_prediction,isolation_anomaly,isolation_score,transaction_hour,time_series_anomaly,burst_anomaly,risk_iqr,risk_isolation,risk_burst,risk_device,risk_location,risk_late_night,risk_time_series,risk_score,risk_level,is_suspicious,number_of_signals,risk_score_range,improved_risk_score,improved_is_suspicious,final_risk_score,final_is_suspicious,final_risk_level
TXN_007856,2026-09-19 00:49:42.793653,USER_0855,USER_0436,1764.06,Travel,P2P,Chennai,Web,Other,0,5,1,1,3.5291678913892897,18.0,0,iOS,Hyderabad,1,1,1,499.85153846153844,403.15,1764.06,13,1,-1,1,0.13860477327236054,2026-09-19 00:00:00,0,1,20,30,20,15,10,5,0,100,Critical,1,6,"(90.0, 100.0]",90,1,90,1,Critical
TXN_003854,2026-09-16 06:07:42.793653,USER_0922,USER_0785,2497.69,Education,P2P,Kolkata,Android,BHIM,6,2,0,0,1.0278321746667387,8.0,0,iOS,Delhi,1,1,1,2430.05625,1031.385,11342.2,8,1,-1,1,0.04856664291006252,2026-09-16 06:00:00,0,1,20,30,20,15,10,0,0,95,Critical,1,5,"(90.0, 100.0]",85,1,85,1,Critical
TXN_008285,2026-09-19 07:58:42.793653,USER_0215,USER_0512,1737.87,Entertainment,P2P,Delhi,Web,Google Pay,7,5,1,0,2.5264291820037332,15.0,0,Android,Hyderabad,1,1,1,687.876,541.65,1737.87,10,1,-1,1,0.10017468886429148,2026-09-19 07:00:00,0,1,20,30,20,15,10,0,0,95,Critical,1,5,"(90.0, 100.0]",85,1,85,1,Critical
TXN_004867,2026-09-16 23:00:42.793653,USER_0751,USER_0719,2475.13,Travel,P2M,Pune,Android,PhonePe,23,2,0,0,4.397615093927032,18.0,0,iOS,Hyderabad,1,1,1,562.8346153846153,313.68,2475.13,13,1,-1,1,0.11315687117432782,2026-09-16 23:00:00,0,1,20,30,20,15,10,0,0,95,Critical,1,5,"(90.0, 100.0]",85,1,85,1,Critical
TXN_000176,2026-09-13 16:49:42.793653,USER_0943,USER_0882,2484.96,Shopping,P2P,Hyderabad,iOS,PhonePe,16,6,1,0,3.2262037822787857,16.0,0,Android,Chennai,1,1,1,770.2427272727273,526.06,2484.96,11,1,-1,1,0.11784147331167005,2026-09-13 16:00:00,0,1,20,30,20,15,10,0,0,95,Critical,1,5,"(90.0, 100.0]",85,1,85,1,Critical
TXN_008268,2026-09-19 07:41:42.793653,USER_0601,USER_0824,3754.41,Bills,P2M,Kolkata,iOS,BHIM,7,5,1,0,3.9356612568091203,19.0,0,Android,Hyderabad,1,1,1,953.9464285714284,259.71,5600.57,14,1,-1,1,0.14661151565966357,2026-09-19 07:00:00,0,1,20,30,20,15,10,0,0,95,Critical,1,5,"(90.0, 100.0]",85,1,85,1,Critical
TXN_006089,2026-09-17 19:22:42.793653,USER_0203,USER_0293,2390.73,Travel,P2P,Bangalore,Web,Google Pay,19,3,0,0,2.5242335575678148,13.0,0,Web,Chennai,0,1,1,947.11125,442.385,2390.73,8,1,-1,1,0.09384477868198204,2026-09-17 19:00:00,0,1,20,30,20,0,10,0,0,80,Critical,1,4,"(70.0, 80.0]",80,1,80,1,Critical
TXN_009626,2026-09-20 06:19:42.793653,USER_0858,USER_0748,2107.58,Shopping,P2P,Chennai,Android,BHIM,6,6,1,0,4.673580750644357,9.0,0,Android,Kolkata,0,1,1,450.9561538461539,418.49,2107.58,13,1,-1,1,0.11079103749953612,2026-09-20 06:00:00,0,1,20,30,20,0,10,0,0,80,Critical,1,4,"(70.0, 80.0]",80,1,80,1,Critical
TXN_009090,2026-09-19 21:23:42.793653,USER_0929,USER_0335,2562.74,Shopping,P2P,Bangalore,iOS,Google Pay,21,5,1,0,3.0522253849910075,6.0,0,iOS,Chennai,0,1,1,839.63,494.95,3136.21,21,1,-1,1,0.08200234607536616,2026-09-19 21:00:00,0,1,20,30,20,0,10,0,0,80,Critical,1,4,"(70.0, 80.0]",80,1,80,1,Critical
TXN_009390,2026-09-20 02:23:42.793653,USER_0789,USER_0745,852.54,Bills,P2P,Delhi,Web,BHIM,2,6,1,1,1.6678779816199667,12.0,0,iOS,Pune,1,1,1,511.1525,437.01,934.39,8,0,-1,1,0.09810595684289092,2026-09-20 02:00:00,0,1,0,30,20,15,10,5,0,80,Critical,1,5,"(70.0, 80.0]",75,1,75,1,Critical
TXN_002124,2026-09-15 01:17:42.793653,USER_0861,USER_0977,314.42,Food,P2P,Mumbai,iOS,Paytm,1,1,0,1,1.3508076834949974,18.0,0,Android,Hyderabad,1,1,1,232.76444444444445,156.0,710.36,9,0,-1,1,0.09148171682246897,2026-09-15 01:00:00,0,1,0,30,20,15,10,5,0,80,Critical,1,5,"(70.0, 80.0]",75,1,75,1,Critical
TXN_006382,2026-09-18 00:15:42.793653,USER_0833,USER_0301,311.06,Education,P2M,Pune,Android,BHIM,0,4,0,1,0.6261560228213858,11.0,0,iOS,Hyderabad,1,1,1,496.77714285714285,412.37,1310.6,14,0,-1,1,0.05633551005797233,2026-09-18 00:00:00,0,1,0,30,20,15,10,5,0,80,Critical,1,5,"(70.0, 80.0]",75,1,75,1,Critical
TXN_004989,2026-09-17 01:02:42.793653,USER_0450,USER_0641,127.97,Healthcare,P2M,Mumbai,Android,Paytm,1,3,0,1,0.19670321900352608,18.0,0,Web,Chennai,1,1,1,650.5740000000001,377.48,2512.57,15,0,-1,1,0.08731821627337921,2026-09-17 01:00:00,0,1,0,30,20,15,10,5,0,80,Critical,1,5,"(70.0, 80.0]",75,1,75,1,Critical
TXN_008147,2026-09-19 05:40:42.793653,USER_0532,USER_0241,295.76,Bills,P2P,Pune,Android,Paytm,5,5,1,1,0.3850594983063045,11.0,0,iOS,Jaipur,1,1,1,768.0890909090908,341.72,2052.3,11,0,-1,1,0.0782490641946062,2026-09-19 05:00:00,0,1,0,30,20,15,10,5,0,80,Critical,1,5,"(70.0, 80.0]",75,1,75,1,Critical
TXN_005067,2026-09-17 02:20:42.793653,USER_0561,USER_0144,436.65,Education,P2P,Jaipur,iOS,Other,2,3,0,1,0.3810719293448222,6.0,0,Android,Chennai,1,1,1,1145.8466666666666,431.465,5045.56,12,0,-1,1,0.01285726016080857,2026-09-17 02:00:00,0,1,0,30,20,15,10,5,0,80,Critical,1,5,"(70.0, 80.0]",75,1,75,1,Critical
TXN_009371,2026-09-20 02:04:42.793653,USER_0568,USER_0789,1392.8,Entertainment,P2P,Delhi,Android,BHIM,2,6,1,1,0.9903519258373737,18.0,0,iOS,Chennai,1,1,1,1406.3687499999999,839.895,5737.24,8,0,-1,1,0.10814056055910026,2026-09-20 02:00:00,0,1,0,30,20,15,10,5,0,80,Critical,1,5,"(70.0, 80.0]",75,1,75,1,Critical
TXN_000781,2026-09-14 02:54:42.793653,USER_0729,USER_0453,501.18,Shopping,P2M,Bangalore,iOS,BHIM,2,0,0,1,0.31710173700061584,11.0,0,Android,Delhi,1,1,1,1580.5022222222224,362.02,11725.81,9,0,-1,1,0.06023899990768,2026-09-14 02:00:00,0,1,0,30,20,15,10,5,0,80,Critical,1,5,"(70.0, 80.0]",75,1,75,1,Critical
TXN_009287,2026-09-20 00:40:42.793653,USER_0762,USER_0041,40.26,Grocery,P2P,Chennai,Web,Paytm,0,6,1,1,0.08418210880434177,15.0,0,iOS,Pune,1,1,1,478.24888888888887,308.39,1113.37,9,0,-1,1,0.09962021320912906,2026-09-20 00:00:00,0,1,0,30,20,15,10,5,0,80,Critical,1,5,"(70.0, 80.0]",75,1,75,1,Critical
TXN_000682,2026-09-14 01:15:42.793653,USER_0769,USER_0410,479.86,Food,P2P,Jaipur,Web,BHIM,1,0,0,1,0.702250132523342,12.0,0,Android,Kolkata,1,1,1,683.3177777777778,293.91,2774.91,9,0,-1,1,0.06476200976592705,2026-09-14 01:00:00,0,1,0,30,20,15,10,5,0,80,Critical,1,5,"(70.0, 80.0]",75,1,75,1,Critical
TXN_005068,2026-09-17 02:21:42.793653,USER_0591,USER_0771,1241.8,Travel,P2M,Jaipur,iOS,PhonePe,2,3,0,1,1.7607797779528804,6.0,0,Android,Bangalore,1,1,1,705.2557142857142,347.31,1729.21,7,0,-1,1,0.03660097837606313,2026-09-17 02:00:00,0,1,0,30,20,15,10,5,0,80,Critical,1,5,"(70.0, 80.0]",75,1,75,1,Critical
TXN_006717,2026-09-18 05:50:42.793653,USER_0661,USER_0279,141.61,Entertainment,P2P,Mumbai,Android,PhonePe,5,4,0,1,0.348548968933398,13.0,0,Web,Jaipur,1,1,1,406.284375,245.675,1512.41,16,0,-1,1,0.06784885525583806,2026-09-18 05:00:00,0,1,0,30,20,15,10,5,0,80,Critical,1,5,"(70.0, 80.0]",75,1,75,1,Critical
TXN_003528,2026-09-16 00:41:42.793653,USER_0773,USER_0141,505.28,Bills,P2P,Bangalore,Web,Paytm,0,2,0,1,0.552496336956284,8.0,0,Web,Hyderabad,0,1,1,914.54,406.37,2785.87,4,0,-1,1,0.04769208068817865,2026-09-16 00:00:00,0,1,0,30,20,0,10,5,0,65,High,1,4,"(60.0, 70.0]",70,1,70,1,Critical
TXN_005255,2026-09-17 05:28:42.793653,USER_0784,USER_0079,336.84,Education,P2M,Jaipur,Android,Other,5,3,0,1,0.577090860029682,6.0,0,Android,Mumbai,0,1,1,583.68625,400.67499999999995,2166.63,8,0,-1,1,0.022633104459265363,2026-09-17 05:00:00,0,1,0,30,20,0,10,5,0,65,High,1,4,"(60.0, 70.0]",70,1,70,1,Critical
TXN_001011,2026-09-14 06:44:42.793653,USER_0779,USER_0855,165.8,Bills,P2M,Hyderabad,Web,BHIM,6,0,0,0,0.1903574257854209,9.0,0,iOS,Jaipur,1,1,1,870.993076923077,419.62,5418.19,13,0,-1,1,0.0006371940340748061,2026-09-14 06:00:00,0,1,0,30,20,15,10,0,0,75,High,1,4,"(70.0, 80.0]",70,1,70,1,Critical
TXN_001363,2026-09-14 12:36:42.793653,USER_0805,USER_0678,112.26,Travel,P2P,Chennai,Web,Other,12,0,0,0,0.19951412708980718,14.0,0,iOS,Mumbai,1,1,1,562.6669230769231,367.36,1530.71,13,0,-1,1,0.04790109919725871,2026-09-14 12:00:00,0,1,0,30,20,15,10,0,0,75,High,1,4,"(70.0, 80.0]",70,1,70,1,Critical
TXN_004624,2026-09-16 18:57:42.793653,USER_0429,USER_0238,425.35,Travel,P2M,Chennai,iOS,Google Pay,18,2,0,0,0.5052059635600824,12.0,0,Android,Jaipur,1,1,1,841.9338461538462,520.35,4348.29,13,0,-1,1,0.03654546775115641,2026-09-16 18:00:00,0,1,0,30,20,15,10,0,0,75,High,1,4,"(70.0, 80.0]",70,1,70,1,Critical
TXN_009732,2026-09-20 08:05:42.793653,USER_0791,USER_0138,1023.65,Healthcare,P2M,Bangalore,iOS,Other,8,6,1,0,2.1259926516401646,11.0,0,Web,Chennai,1,1,1,481.4927272727273,341.21,1523.22,11,0,-1,1,0.07317608499056294,2026-09-20 08:00:00,0,1,0,30,20,15,10,0,0,75,High,1,4,"(70.0, 80.0]",70,1,70,1,Critical
TXN_006314,2026-09-17 23:07:42.793653,USER_0509,USER_0284,693.94,Entertainment,P2P,Delhi,Web,PhonePe,23,3,0,0,1.3220606115188906,10.0,0,iOS,Jaipur,1,1,1,524.8927272727273,338.2,2512.59,11,0,-1,1,0.024748484590480846,2026-09-17 23:00:00,0,1,0,30,20,15,10,0,0,75,High,1,4,"(70.0, 80.0]",70,1,70,1,Critical
TXN_008426,2026-09-19 10:19:42.793653,USER_0664,USER_0790,206.53,Education,P2M,Pune,iOS,Other,10,5,1,0,0.22656851951994195,6.0,0,Android,Jaipur,1,1,1,911.5564705882354,299.22,4259.25,17,0,-1,1,0.0019439361543789335,2026-09-19 10:00:00,0,1,0,30,20,15,10,0,0,75,High,1,4,"(70.0, 80.0]",70,1,70,1,Critical
TXN_006102,2026-09-17 19:35:42.793653,USER_0650,USER_0485,1578.79,Entertainment,P2M,Chennai,iOS,Google Pay,19,3,0,0,1.4141404490649891,7.0,0,Android,Pune,1,1,1,1116.4308333333333,975.14,2910.77,12,0,-1,1,0.012094360884956967,2026-09-17 19:00:00,0,1,0,30,20,15,10,0,0,75,High,1,4,"(70.0, 80.0]",70,1,70,1,Critical
TXN_003045,2026-09-15 16:38:42.793653,USER_0664,USER_0565,64.26,Entertainment,P2P,Kolkata,iOS,PhonePe,16,1,0,0,0.0704948097823632,8.0,0,Android,Bangalore,1,1,1,911.5564705882354,299.22,4259.25,17,0,-1,1,0.007516783302934149,2026-09-15 16:00:00,0,1,0,30,20,15,10,0,0,75,High,1,4,"(70.0, 80.0]",70,1,70,1,Critical
TXN_004767,2026-09-16 21:20:42.793653,USER_0942,USER_0173,137.21,Shopping,P2P,Kolkata,Web,Google Pay,21,2,0,0,0.0347515860587406,13.0,0,Android,Delhi,1,1,1,3948.3089999999997,864.0899999999999,28236.8,10,0,-1,1,0.04923177506515186,2026-09-16 21:00:00,0,1,0,30,20,15,10,0,0,75,High,1,4,"(70.0, 80.0]",70,1,70,1,Critical
TXN_007399,2026-09-18 17:12:42.793653,USER_0571,USER_0559,216.63,Education,P2M,Kolkata,Web,PhonePe,17,4,0,0,0.34137962474152994,11.0,0,Android,Pune,1,1,1,634.5721428571429,294.66999999999996,2985.92,14,0,-1,1,0.020548128339461846,2026-09-18 17:00:00,0,1,0,30,20,15,10,0,0,75,High,1,4,"(70.0, 80.0]",70,1,70,1,Critical
TXN_005716,2026-09-17 13:09:42.793653,USER_0571,USER_0332,318.58,Travel,P2M,Pune,Android,PhonePe,13,3,0,0,0.5020390566872391,9.0,0,iOS,Jaipur,1,1,1,634.5721428571429,294.66999999999996,2985.92,14,0,-1,1,0.00033072653490084924,2026-09-17 13:00:00,0,1,0,30,20,15,10,0,0,75,High,1,4,"(70.0, 80.0]",70,1,70,1,Critical
TXN_004547,2026-09-16 17:40:42.793653,USER_0673,USER_0101,221.36,Travel,P2M,Kolkata,iOS,Other,17,2,0,0,0.43743231813834377,17.0,0,Web,Bangalore,1,1,1,506.044,343.74,1262.91,10,0,-1,1,0.05548172758092729,2026-09-16 17:00:00,0,1,0,30,20,15,10,0,0,75,High,1,4,"(70.0, 80.0]",70,1,70,1,Critical
TXN_007054,2026-09-18 11:27:42.793653,USER_0699,USER_0597,1384.61,Bills,P2P,Kolkata,iOS,Paytm,11,4,0,0,2.0483325673551263,11.0,0,Android,Pune,1,1,1,675.9693333333333,328.34,2475.03,15,0,-1,1,0.047048702229584904,2026-09-18 11:00:00,0,1,0,30,20,15,10,0,0,75,High,1,4,"(70.0, 80.0]",70,1,70,1,Critical
TXN_008091,2026-09-19 04:44:42.793653,USER_0372,USER_0472,403.86,Grocery,P2P,Chennai,Android,Paytm,4,5,1,1,0.32089054157131963,14.0,0,Android,Pune,0,1,1,1258.56,651.84,3295.67,5,0,-1,1,0.09714889452730946,2026-09-19 04:00:00,0,1,0,30,20,0,10,5,0,65,High,1,4,"(60.0, 70.0]",70,1,70,1,Critical
TXN_007560,2026-09-18 19:53:42.793653,USER_0388,USER_0593,582.42,Education,P2M,Hyderabad,Web,BHIM,19,4,0,0,1.021531402593029,17.0,0,Android,Kolkata,1,1,1,570.144,328.055,1668.9,10,0,-1,1,0.06687736751168993,2026-09-18 19:00:00,0,1,0,30,20,15,10,0,0,75,High,1,4,"(70.0, 80.0]",70,1,70,1,Critical
TXN_004939,2026-09-17 00:12:42.793653,USER_0744,USER_0134,298.33,Grocery,P2M,Chennai,Android,Paytm,0,3,0,1,0.5991795500077827,10.0,0,Web,Chennai,1,0,1,497.8975,500.58500000000004,1067.82,8,0,-1,1,0.08697464090108353,2026-09-17 00:00:00,0,1,0,30,20,15,0,5,0,70,High,1,4,"(60.0, 70.0]",70,1,70,1,Critical
TXN_005577,2026-09-17 10:50:42.793653,USER_0749,USER_0629,440.69,Education,P2P,Delhi,Android,Google Pay,10,3,0,0,0.7317851102856646,8.0,0,iOS,Chennai,1,1,1,602.2123076923077,461.86,2257.7,13,0,-1,1,0.002907413564155137,2026-09-17 10:00:00,0,1,0,30,20,15,10,0,0,75,High,1,4,"(70.0, 80.0]",70,1,70,1,Critical
TXN_006515,2026-09-18 02:28:42.793653,USER_0485,USER_0393,105.04,Entertainment,P2M,Chennai,iOS,PhonePe,2,4,0,1,0.1825173678420436,9.0,0,iOS,Hyderabad,0,1,1,575.506875,405.78499999999997,2464.05,16,0,-1,1,0.05486170209886587,2026-09-18 02:00:00,0,1,0,30,20,0,10,5,0,65,High,1,4,"(60.0, 70.0]",70,1,70,1,Critical
TXN_006810,2026-09-18 07:23:42.793653,USER_0721,USER_0056,108.11,Food,P2M,Hyderabad,iOS,PhonePe,7,4,0,0,0.21957226972524158,12.0,0,Android,Chennai,1,1,1,492.3663636363636,397.03,1142.9,11,0,-1,1,0.035053467575561714,2026-09-18 07:00:00,0,1,0,30,20,15,10,0,0,75,High,1,4,"(70.0, 80.0]",70,1,70,1,Critical
TXN_004859,2026-09-16 22:52:42.793653,USER_0691,USER_0805,665.32,Bills,P2P,Chennai,Web,Other,22,2,0,0,0.7413910461122157,17.0,0,Android,Delhi,1,1,1,897.3941666666666,463.40999999999997,4493.49,12,0,-1,1,0.06406259867983821,2026-09-16 22:00:00,0,1,0,30,20,15,10,0,0,75,High,1,4,"(70.0, 80.0]",70,1,70,1,Critical
TXN_000416,2026-09-13 20:49:42.793653,USER_0161,USER_0434,784.27,Shopping,P2M,Kolkata,Web,Other,20,6,1,0,1.8236068120982993,12.0,0,Android,Mumbai,1,1,1,430.0652941176471,272.89,1323.91,17,0,-1,1,0.08099959734911544,2026-09-13 20:00:00,0,1,0,30,20,15,10,0,0,75,High,1,4,"(70.0, 80.0]",70,1,70,1,Critical
TXN_008885,2026-09-19 17:58:42.793653,USER_0820,USER_0378,264.38,Bills,P2M,Bangalore,Web,Google Pay,17,5,1,0,0.37820488644802014,12.0,0,iOS,Mumbai,1,1,1,699.039090909091,507.03,2979.81,11,0,-1,1,0.06048696949931176,2026-09-19 17:00:00,0,1,0,30,20,15,10,0,0,75,High,1,4,"(70.0, 80.0]",70,1,70,1,Critical
TXN_002096,2026-09-15 00:49:42.793653,USER_0817,USER_0118,712.29,Education,P2M,Delhi,Android,Paytm,0,1,0,1,1.582533928763696,19.0,0,Android,Kolkata,0,1,1,450.09461538461534,328.91,1129.85,13,0,-1,1,0.09768467125738722,2026-09-15 00:00:00,0,1,0,30,20,0,10,5,0,65,High,1,4,"(60.0, 70.0]",70,1,70,1,Critical
TXN_003688,2026-09-16 03:21:42.793653,USER_0874,USER_0225,258.78,Entertainment,P2M,Hyderabad,Web,Other,3,2,0,1,0.6956451612903225,13.0,0,Web,Jaipur,0,1,1,372.0,291.37,842.59,6,0,-1,1,0.07612750866243922,2026-09-16 03:00:00,0,1,0,30,20,0,10,5,0,65,High,1,4,"(60.0, 70.0]",70,1,70,1,Critical
TXN_003051,2026-09-15 16:44:42.793653,USER_0857,USER_0317,478.21,Education,P2M,Mumbai,Android,BHIM,16,1,0,0,1.2777224845865591,17.0,0,iOS,Jaipur,1,1,1,374.2675,443.25,672.51,8,0,-1,1,0.06491946001772408,2026-09-15 16:00:00,0,1,0,30,20,15,10,0,0,75,High,1,4,"(70.0, 80.0]",70,1,70,1,Critical
TXN_003007,2026-09-15 16:00:42.793653,USER_0084,USER_0991,460.22,Entertainment,P2M,Mumbai,Android,Other,16,1,0,0,0.3236178855050823,11.0,0,iOS,Hyderabad,1,1,1,1422.1092857142855,660.86,5753.2,14,0,-1,1,0.029331484904740912,2026-09-15 16:00:00,0,1,0,30,20,15,10,0,0,75,High,1,4,"(70.0, 80.0]",70,1,70,1,Critical
TXN_002367,2026-09-15 05:20:42.793653,USER_0157,USER_0544,176.39,Grocery,P2M,Jaipur,Web,Paytm,5,1,0,1,0.34904936043566365,16.0,0,Web,Chennai,0,1,1,505.34399999999994,305.03499999999997,1096.77,10,0,-1,1,0.0823823499249553,2026-09-15 05:00:00,0,1,0,30,20,0,10,5,0,65,High,1,4,"(60.0, 70.0]",70,1,70,1,Critical
TXN_002772,2026-09-15 12:05:42.793653,USER_0012,USER_0088,340.59,Healthcare,P2M,Hyderabad,Android,PhonePe,12,1,0,0,0.12177940451722127,12.0,0,Web,Chennai,1,1,1,2796.7783333333336,358.775,32067.9,18,0,-1,1,0.040634157631627144,2026-09-15 12:00:00,0,1,0,30,20,15,10,0,0,75,High,1,4,"(70.0, 80.0]",70,1,70,1,Critical
TXN_005722,2026-09-17 13:15:42.793653,USER_0162,USER_0940,1697.69,Food,P2P,Mumbai,Web,Other,13,3,0,0,2.5005038497558076,18.0,0,Android,Delhi,1,1,1,678.9391666666667,497.785,1697.69,12,0,-1,1,0.08024534586828636,2026-09-17 13:00:00,0,1,0,30,20,15,10,0,0,75,High,1,4,"(70.0, 80.0]",70,1,70,1,Critical
TXN_006312,2026-09-17 23:05:42.793653,USER_0584,USER_0066,496.7,Food,P2M,Hyderabad,iOS,Google Pay,23,3,0,0,0.8011602602789625,18.0,0,Web,Delhi,1,1,1,619.9758333333333,395.115,1842.5,12,0,-1,1,0.0666243292137304,2026-09-17 23:00:00,0,1,0,30,20,15,10,0,0,75,High,1,4,"(70.0, 80.0]",70,1,70,1,Critical
TXN_008654,2026-09-19 14:07:42.793653,USER_0973,USER_0472,845.49,Shopping,P2P,Hyderabad,Web,Other,14,5,1,0,1.9209812153357182,18.0,1,Android,Mumbai,1,1,1,440.13444444444445,297.52,1718.41,18,0,-1,1,0.14563329035111994,2026-09-19 14:00:00,0,1,0,30,20,15,10,0,0,75,High,1,4,"(70.0, 80.0]",70,1,70,1,Critical
TXN_009654,2026-09-20 06:47:42.793653,USER_0355,USER_0223,224.43,Shopping,P2P,Chennai,Web,PhonePe,6,6,1,0,0.437275834354882,14.0,0,iOS,Hyderabad,1,1,1,513.2458333333333,338.515,2079.6,12,0,-1,1,0.06938460927230905,2026-09-20 06:00:00,0,1,0,30,20,15,10,0,0,75,High,1,4,"(70.0, 80.0]",70,1,70,1,Critical
TXN_008788,2026-09-19 16:21:42.793653,USER_0498,USER_0840,437.51,Travel,P2P,Pune,Android,Other,16,5,1,0,0.7669643150617391,14.0,0,iOS,Chennai,1,1,1,570.44375,422.205,1786.08,8,0,-1,1,0.07475783072307896,2026-09-19 16:00:00,0,1,0,30,20,15,10,0,0,75,High,1,4,"(70.0, 80.0]",70,1,70,1,Critical
TXN_007167,2026-09-18 13:20:42.793653,USER_0481,USER_0192,939.31,Bills,P2P,Kolkata,Web,Google Pay,13,4,0,0,1.9075253677391404,7.0,0,Android,Chennai,1,1,1,492.42333333333335,309.90999999999997,1335.09,12,0,-1,1,0.007511212207857665,2026-09-18 13:00:00,0,1,0,30,20,15,10,0,0,75,High,1,4,"(70.0, 80.0]",70,1,70,1,Critical
TXN_008542,2026-09-19 12:15:42.793653,USER_0067,USER_0755,472.7,Grocery,P2P,Bangalore,Web,Google Pay,12,5,1,0,0.5395268781858567,18.0,0,iOS,Mumbai,1,1,1,876.1379999999999,472.7,1978.07,5,0,-1,1,0.08617143481833467,2026-09-19 12:00:00,0,1,0,30,20,15,10,0,0,75,High,1,4,"(70.0, 80.0]",70,1,70,1,Critical
TXN_005820,2026-09-17 14:53:42.793653,USER_0945,USER_0458,409.03,Food,P2P,Kolkata,Web,BHIM,14,3,0,0,0.6150387754258154,10.0,0,iOS,Mumbai,1,1,1,665.0475,361.875,2906.78,12,0,-1,1,0.016819033093363966,2026-09-17 14:00:00,0,1,0,30,20,15,10,0,0,75,High,1,4,"(70.0, 80.0]",70,1,70,1,Critical
TXN_002007,2026-09-14 23:20:42.793653,USER_0490,USER_0134,1732.79,Grocery,P2P,Bangalore,Android,BHIM,23,0,0,0,1.151630444655446,12.0,0,iOS,Bangalore,1,0,1,1504.6406666666667,755.66,9481.33,15,0,-1,1,0.10006075828506189,2026-09-14 23:00:00,0,1,0,30,20,15,0,0,0,65,High,1,3,"(60.0, 70.0]",65,1,65,1,High
TXN_008517,2026-09-19 11:50:42.793653,USER_0480,USER_0504,856.43,Education,P2P,Bangalore,Android,PhonePe,11,5,1,0,1.767310847202303,10.0,0,Web,Bangalore,1,0,1,484.59499999999997,325.01,1135.32,12,0,-1,1,0.0989578767265531,2026-09-19 11:00:00,0,1,0,30,20,15,0,0,0,65,High,1,3,"(60.0, 70.0]",65,1,65,1,High
TXN_009398,2026-09-20 02:31:42.793653,USER_0538,USER_0422,2401.53,Entertainment,P2M,Pune,Android,BHIM,2,6,1,1,3.991820470432504,0.0,0,iOS,Jaipur,1,1,1,601.6127272727273,487.11,2401.53,11,1,-1,1,0.01586571314511076,2026-09-20 02:00:00,0,0,20,30,0,15,10,5,0,80,Critical,1,5,"(70.0, 80.0]",65,1,65,1,High
TXN_002061,2026-09-15 00:14:42.793653,USER_0477,USER_0868,6053.92,Bills,P2M,Chennai,Android,BHIM,0,1,0,1,5.126029975337605,0.0,0,Web,Hyderabad,1,1,0,1181.0153333333333,777.53,6053.92,15,1,-1,1,0.053623922859177386,2026-09-15 00:00:00,0,0,20,30,0,15,10,5,0,80,Critical,1,5,"(70.0, 80.0]",65,1,65,1,High
TXN_004948,2026-09-17 00:21:42.793653,USER_0547,USER_0050,3192.1,Healthcare,P2M,Kolkata,iOS,Paytm,0,3,0,1,3.3775041957028837,1.0,0,Android,Chennai,1,1,0,945.1061538461539,364.11,5092.27,13,1,-1,1,0.043996701433905216,2026-09-17 00:00:00,0,0,20,30,0,15,10,5,0,80,Critical,1,5,"(70.0, 80.0]",65,1,65,1,High
TXN_004225,2026-09-16 12:18:42.793653,USER_0483,USER_0487,622.15,Bills,P2P,Mumbai,Android,BHIM,12,2,0,0,0.6036503129986389,18.0,0,Android,Chennai,0,1,1,1030.6463636363637,622.15,6382.69,11,0,-1,1,0.0759575946030081,2026-09-16 12:00:00,0,1,0,30,20,0,10,0,0,60,High,1,3,"(50.0, 60.0]",65,1,65,1,High
TXN_009350,2026-09-20 01:43:42.793653,USER_0499,USER_0135,3236.61,Entertainment,P2P,Hyderabad,Web,Paytm,1,6,1,1,5.742401028023526,0.0,0,iOS,Pune,1,1,0,563.6335714285715,286.44,3236.61,14,1,-1,1,0.05780159620786207,2026-09-20 01:00:00,0,0,20,30,0,15,10,5,0,80,Critical,1,5,"(70.0, 80.0]",65,1,65,1,High
TXN_008658,2026-09-19 14:11:42.793653,USER_0439,USER_0534,763.15,Grocery,P2M,Bangalore,Android,Paytm,14,5,1,0,0.8490034976963857,6.0,0,Android,Pune,0,1,1,898.8773333333334,687.89,4078.7,15,0,-1,1,0.027260413793982807,2026-09-19 14:00:00,0,1,0,30,20,0,10,0,0,60,High,1,3,"(50.0, 60.0]",65,1,65,1,High
TXN_003655,2026-09-16 02:48:42.793653,USER_0421,USER_0597,138.19,Entertainment,P2M,Chennai,Android,Other,2,2,0,1,0.16700949194985004,10.0,0,,,0,0,1,827.4379999999999,583.005,1944.09,10,0,-1,1,0.07718888189183681,2026-09-16 02:00:00,0,1,0,30,20,0,0,5,0,55,Medium,1,3,"(50.0, 60.0]",65,1,65,1,High
TXN_007826,2026-09-19 00:19:42.793653,USER_0471,USER_0961,2889.42,Entertainment,P2M,Chennai,Android,BHIM,0,5,1,1,2.6996623233298087,0.0,0,iOS,Delhi,1,1,1,1070.2894117647058,433.34,6851.99,17,1,-1,1,0.0026282719854033854,2026-09-19 00:00:00,0,0,20,30,0,15,10,5,0,80,Critical,1,5,"(70.0, 80.0]",65,1,65,1,High
TXN_005122,2026-09-17 03:15:42.793653,USER_0729,USER_0541,11725.81,Grocery,P2P,Delhi,iOS,Google Pay,3,3,0,1,7.419040501893912,0.0,0,Web,Jaipur,1,1,1,1580.5022222222224,362.02,11725.81,9,1,-1,1,0.09403249323077512,2026-09-17 03:00:00,0,0,20,30,0,15,10,5,0,80,Critical,1,5,"(70.0, 80.0]",65,1,65,1,High
TXN_002125,2026-09-15 01:18:42.793653,USER_0575,USER_0157,3224.12,Shopping,P2P,Chennai,Web,BHIM,1,1,0,1,4.599678338851284,0.0,0,Android,Pune,1,1,0,700.9446666666666,295.86,3224.12,15,1,-1,1,0.010072332166650266,2026-09-15 01:00:00,0,0,20,30,0,15,10,5,0,80,Critical,1,5,"(70.0, 80.0]",65,1,65,1,High
TXN_000696,2026-09-14 01:29:42.793653,USER_0664,USER_0272,4259.25,Grocery,P2M,Delhi,iOS,Google Pay,1,0,0,1,4.672502623179745,0.0,0,Android,Kolkata,1,1,1,911.5564705882354,299.22,4259.25,17,1,-1,1,0.022097088961994582,2026-09-14 01:00:00,0,0,20,30,0,15,10,5,0,80,Critical,1,5,"(70.0, 80.0]",65,1,65,1,High
TXN_008162,2026-09-19 05:55:42.793653,USER_0029,USER_0110,5109.76,Healthcare,P2M,Kolkata,iOS,BHIM,5,5,1,1,5.6208484169683395,0.0,0,Android,Bangalore,1,1,0,909.0727272727273,419.23,5109.76,11,1,-1,1,0.08292150375702945,2026-09-19 05:00:00,0,0,20,30,0,15,10,5,0,80,Critical,1,5,"(70.0, 80.0]",65,1,65,1,High
TXN_002528,2026-09-15 08:01:42.793653,USER_0971,USER_0716,1216.15,Education,P2P,Kolkata,iOS,BHIM,8,1,0,0,1.5122684481073152,8.0,0,iOS,Chennai,0,1,1,804.1892307692307,1014.97,1661.48,13,0,-1,1,0.03241888152422967,2026-09-15 08:00:00,0,1,0,30,20,0,10,0,0,60,High,1,3,"(50.0, 60.0]",65,1,65,1,High
TXN_009259,2026-09-20 00:12:42.793653,USER_0582,USER_0111,2412.94,Grocery,P2M,Bangalore,Web,Paytm,0,6,1,1,4.759026657826745,0.0,0,iOS,Chennai,1,1,0,507.0238461538462,295.73,2412.94,13,1,-1,1,0.030150178707863406,2026-09-20 00:00:00,0,0,20,30,0,15,10,5,0,80,Critical,1,5,"(70.0, 80.0]",65,1,65,1,High
TXN_008431,2026-09-19 10:24:42.793653,USER_0607,USER_0107,405.77,Shopping,P2P,Jaipur,iOS,PhonePe,10,5,1,0,0.8025611923222045,15.0,0,iOS,Delhi,0,1,1,505.59384615384613,405.77,1591.06,13,0,-1,1,0.07472774624965817,2026-09-19 10:00:00,0,1,0,30,20,0,10,0,0,60,High,1,3,"(50.0, 60.0]",65,1,65,1,High
TXN_003979,2026-09-16 08:12:42.793653,USER_0664,USER_0620,658.2,Grocery,P2M,Pune,iOS,PhonePe,8,2,0,0,0.7220616837651954,14.0,0,iOS,Bangalore,0,1,1,911.5564705882354,299.22,4259.25,17,0,-1,1,0.06170593602672736,2026-09-16 08:00:00,0,1,0,30,20,0,10,0,0,60,High,1,3,"(50.0, 60.0]",65,1,65,1,High
TXN_007858,2026-09-19 00:51:42.793653,USER_0587,USER_0261,2201.85,Travel,P2P,Delhi,Android,Google Pay,0,5,1,1,3.3283486042398636,0.0,0,Web,Jaipur,1,1,0,661.5442857142856,442.14,2201.85,7,1,-1,1,0.001443322317373208,2026-09-19 00:00:00,0,0,20,30,0,15,10,5,0,80,Critical,1,5,"(70.0, 80.0]",65,1,65,1,High
TXN_005586,2026-09-17 10:59:42.793653,USER_0661,USER_0564,649.65,Bills,P2M,Jaipur,Android,Google Pay,10,3,0,0,1.5990031612709692,18.0,0,Android,Mumbai,0,1,1,406.284375,245.675,1512.41,16,0,-1,1,0.08071987676409176,2026-09-17 10:00:00,0,1,0,30,20,0,10,0,0,60,High,1,3,"(50.0, 60.0]",65,1,65,1,High
TXN_006648,2026-09-18 04:41:42.793653,USER_0675,USER_0092,1992.72,Travel,P2P,Mumbai,Android,PhonePe,4,4,0,1,2.539488887378509,1.0,0,Web,Kolkata,1,1,0,784.6933333333333,511.74,2518.84,12,1,-1,1,0.0038279321138385836,2026-09-18 04:00:00,0,0,20,30,0,15,10,5,0,80,Critical,1,5,"(70.0, 80.0]",65,1,65,1,High
TXN_004540,2026-09-16 17:33:42.793653,USER_0687,USER_0771,427.13,Education,P2M,Jaipur,iOS,BHIM,17,2,0,0,0.4043124702373584,13.0,0,iOS,Kolkata,0,1,1,1056.4353846153847,433.36,6474.78,13,0,-1,1,0.05271157220548961,2026-09-16 17:00:00,0,1,0,30,20,0,10,0,0,60,High,1,3,"(50.0, 60.0]",65,1,65,1,High
TXN_003550,2026-09-16 01:03:42.793653,USER_0561,USER_0930,5045.56,Entertainment,P2M,Delhi,iOS,Google Pay,1,2,0,1,4.403346579239806,0.0,0,Web,Pune,1,1,0,1145.8466666666666,431.465,5045.56,12,1,-1,1,0.025431979795550452,2026-09-16 01:00:00,0,0,20,30,0,15,10,5,0,80,Critical,1,5,"(70.0, 80.0]",65,1,65,1,High
TXN_005155,2026-09-17 03:48:42.793653,USER_0540,USER_0519,4395.98,Travel,P2P,Delhi,Web,Other,3,3,0,1,5.3015991702645975,0.0,0,iOS,Bangalore,1,1,0,829.1800000000001,556.445,4395.98,14,1,-1,1,0.036581124113426844,2026-09-17 03:00:00,0,0,20,30,0,15,10,5,0,80,Critical,1,5,"(70.0, 80.0]",65,1,65,1,High
TXN_007715,2026-09-18 22:28:42.793653,USER_0448,USER_0491,152.58,Grocery,P2M,Hyderabad,Web,Google Pay,22,4,0,0,0.36079451406951996,18.0,0,Web,Bangalore,0,1,1,422.90000000000003,257.85,1405.52,7,0,-1,1,0.06750172295686963,2026-09-18 22:00:00,0,1,0,30,20,0,10,0,0,60,High,1,3,"(50.0, 60.0]",65,1,65,1,High
TXN_003775,2026-09-16 04:48:42.793653,USER_0188,USER_0353,2602.32,Travel,P2M,Jaipur,Web,Google Pay,4,2,0,1,3.960258222130688,1.0,0,Android,Mumbai,1,1,1,657.1086666666666,355.69,2602.32,15,1,-1,1,0.03672271417101447,2026-09-16 04:00:00,0,0,20,30,0,15,10,5,0,80,Critical,1,5,"(70.0, 80.0]",65,1,65,1,High
TXN_000965,2026-09-14 05:58:42.793653,USER_0316,USER_0030,4307.28,Grocery,P2M,Delhi,Web,PhonePe,5,0,0,1,4.235643172121786,0.0,0,iOS,Pune,1,1,1,1016.9128571428571,515.0,4307.28,7,1,-1,1,0.012215596014283125,2026-09-14 05:00:00,0,0,20,30,0,15,10,5,0,80,Critical,1,5,"(70.0, 80.0]",65,1,65,1,High
TXN_006487,2026-09-18 02:00:42.793653,USER_0314,USER_0393,4115.28,Grocery,P2P,Hyderabad,Android,PhonePe,2,4,0,1,6.603967567070242,1.0,0,Web,Chennai,1,1,0,623.1526666666666,235.28,4115.28,15,1,-1,1,0.08713104327246413,2026-09-18 02:00:00,0,0,20,30,0,15,10,5,0,80,Critical,1,5,"(70.0, 80.0]",65,1,65,1,High
TXN_008126,2026-09-19 05:19:42.793653,USER_0837,USER_0078,3717.74,Entertainment,P2P,Chennai,iOS,BHIM,5,5,1,1,5.441338329137639,0.0,1,Android,Bangalore,1,1,0,683.2399999999999,318.27,3717.74,12,1,-1,1,0.10915767880097849,2026-09-19 05:00:00,0,0,20,30,0,15,10,5,0,80,Critical,1,5,"(70.0, 80.0]",65,1,65,1,High
TXN_008104,2026-09-19 04:57:42.793653,USER_0476,USER_0694,8608.03,Travel,P2M,Chennai,Android,BHIM,4,5,1,1,7.1902138538869655,0.0,0,iOS,Mumbai,1,1,1,1197.186923076923,458.26,8608.03,13,1,-1,1,0.11387534365372898,2026-09-19 04:00:00,0,0,20,30,0,15,10,5,0,80,Critical,1,5,"(70.0, 80.0]",65,1,65,1,High
TXN_003914,2026-09-16 07:07:42.793653,USER_0841,USER_0934,466.45,Education,P2P,Kolkata,iOS,BHIM,7,2,0,0,1.3470053712723564,13.0,0,iOS,Mumbai,0,1,1,346.28666666666663,381.205,561.79,6,0,-1,1,0.05776582885700832,2026-09-16 07:00:00,0,1,0,30,20,0,10,0,0,60,High,1,3,"(50.0, 60.0]",65,1,65,1,High
TXN_007924,2026-09-19 01:57:42.793653,USER_0181,USER_0408,2152.2,Entertainment,P2P,Delhi,iOS,Other,1,5,1,1,2.3415812364510713,1.0,0,Web,Pune,1,1,0,919.1225,437.58,3107.93,8,1,-1,1,0.03473065248654572,2026-09-19 01:00:00,0,0,20,30,0,15,10,5,0,80,Critical,1,5,"(70.0, 80.0]",65,1,65,1,High
TXN_009252,2026-09-20 00:05:42.793653,USER_0161,USER_0278,110.58,Grocery,P2P,Jaipur,iOS,PhonePe,0,6,1,1,0.2571237472832442,6.0,0,iOS,Jaipur,0,0,1,430.0652941176471,272.89,1323.91,17,0,-1,1,0.08026634076315076,2026-09-20 00:00:00,0,1,0,30,20,0,0,5,0,55,Medium,1,3,"(50.0, 60.0]",65,1,65,1,High
TXN_002390,2026-09-15 05:43:42.793653,USER_0084,USER_0672,5753.2,Food,P2M,Jaipur,Web,Other,5,1,0,1,4.045540000190864,1.0,0,iOS,Kolkata,1,1,0,1422.1092857142855,660.86,5753.2,14,1,-1,1,0.07844633487828045,2026-09-15 05:00:00,0,0,20,30,0,15,10,5,0,80,Critical,1,5,"(70.0, 80.0]",65,1,65,1,High
TXN_000137,2026-09-13 16:10:42.793653,USER_0344,USER_0275,360.06,Travel,P2M,Delhi,Web,Paytm,16,6,1,0,0.47064923521351065,9.0,0,iOS,Delhi,1,0,1,765.0283333333333,450.25,2094.04,12,0,-1,1,0.07766596038192153,2026-09-13 16:00:00,0,1,0,30,20,15,0,0,0,65,High,1,3,"(60.0, 70.0]",65,1,65,1,High
TXN_008779,2026-09-19 16:12:42.793653,USER_0758,USER_0937,3610.27,Travel,P2P,Pune,Android,Paytm,2,5,1,1,4.478396653967758,0.0,0,iOS,Delhi,1,1,1,806.1523529411764,469.27,3610.27,17,1,-1,1,0.04346244283772327,2026-09-19 16:00:00,0,0,20,30,0,15,10,5,0,80,Critical,1,5,"(70.0, 80.0]",65,1,65,1,High
TXN_000748,2026-09-14 02:21:42.793653,USER_0761,USER_0335,160.09,Healthcare,P2P,Bangalore,iOS,PhonePe,2,0,0,1,0.22070394849459984,11.0,0,,,0,0,1,725.3608333333333,351.96500000000003,3554.15,12,0,-1,1,0.07857078156894515,2026-09-14 02:00:00,0,1,0,30,20,0,0,5,0,55,Medium,1,3,"(50.0, 60.0]",65,1,65,1,High
TXN_002170,2026-09-15 02:03:42.793653,USER_0329,USER_0159,6979.81,Healthcare,P2P,Chennai,Android,PhonePe,2,1,0,1,4.160433085114083,0.0,0,Web,Pune,1,1,0,1677.6642857142856,1239.56,6979.81,7,1,-1,1,0.038774201988281964,2026-09-15 02:00:00,0,0,20,30,0,15,10,5,0,80,Critical,1,5,"(70.0, 80.0]",65,1,65,1,High
TXN_008103,2026-09-19 04:56:42.793653,USER_0785,USER_0226,5899.18,Grocery,P2M,Hyderabad,iOS,PhonePe,4,5,1,1,5.551470077253617,0.0,0,Web,Mumbai,1,1,1,1062.6338461538462,465.41,5899.18,13,1,-1,1,0.09059291799189662,2026-09-19 04:00:00,0,0,20,30,0,15,10,5,0,80,Critical,1,5,"(70.0, 80.0]",65,1,65,1,High
TXN_000686,2026-09-14 01:19:42.793653,USER_0792,USER_0340,8509.97,Entertainment,P2M,Kolkata,Web,Paytm,1,0,0,1,7.470777989977742,0.0,0,iOS,Jaipur,1,1,1,1139.100909090909,205.36,8509.97,11,1,-1,1,0.08718633221755256,2026-09-14 01:00:00,0,0,20,30,0,15,10,5,0,80,Critical,1,5,"(70.0, 80.0]",65,1,65,1,High
TXN_002108,2026-09-15 01:01:42.793653,USER_0807,USER_0910,4365.31,Food,P2M,Mumbai,iOS,Paytm,1,1,0,1,4.683658251343841,0.0,0,Web,Delhi,1,1,0,932.0300000000001,350.91499999999996,4365.31,10,1,-1,1,0.025075626348771918,2026-09-15 01:00:00,0,0,20,30,0,15,10,5,0,80,Critical,1,5,"(70.0, 80.0]",65,1,65,1,High
TXN_005210,2026-09-17 04:43:42.793653,USER_0227,USER_0683,3610.99,Bills,P2M,Kolkata,Android,PhonePe,4,3,0,1,5.213684696871758,1.0,0,Web,Jaipur,1,1,0,692.5984615384615,247.19,3610.99,13,1,-1,1,0.07138621160677017,2026-09-17 04:00:00,0,0,20,30,0,15,10,5,0,80,Critical,1,5,"(70.0, 80.0]",65,1,65,1,High
TXN_006178,2026-09-17 20:51:42.793653,USER_0823,USER_0414,176.29,Grocery,P2P,Mumbai,iOS,BHIM,20,3,0,0,1.022614647728591,10.0,0,Android,Mumbai,1,0,1,172.39142857142858,172.79,356.49,7,0,-1,1,0.06480052944013692,2026-09-17 20:00:00,0,1,0,30,20,15,0,0,0,65,High,1,3,"(60.0, 70.0]",65,1,65,1,High
TXN_007478,2026-09-18 18:31:42.793653,USER_0822,USER_0366,123.96,Travel,P2M,Bangalore,Android,Google Pay,18,4,0,0,0.17567003686167187,15.0,0,Android,Mumbai,0,1,1,705.6411111111112,434.26,4256.96,18,0,-1,1,0.06428758854641625,2026-09-18 18:00:00,0,1,0,30,20,0,10,0,0,60,High,1,3,"(50.0, 60.0]",65,1,65,1,High
TXN_009311,2026-09-20 01:04:42.793653,USER_0846,USER_0900,2762.36,Food,P2P,Jaipur,Android,Google Pay,1,6,1,1,3.342027189247974,0.0,0,iOS,Bangalore,1,1,0,826.5522222222222,553.42,2762.36,9,1,-1,1,0.01604209333319684,2026-09-20 01:00:00,0,0,20,30,0,15,10,5,0,80,Critical,1,5,"(70.0, 80.0]",65,1,65,1,High
TXN_000284,2026-09-13 18:37:42.793653,USER_0113,USER_0217,66.64,Healthcare,P2P,Jaipur,iOS,PhonePe,18,6,1,0,0.14072233523619138,7.0,0,iOS,Delhi,0,1,1,473.5566666666667,388.44,1319.8,18,0,-1,1,0.030658198544205928,2026-09-13 18:00:00,0,1,0,30,20,0,10,0,0,60,High,1,3,"(50.0, 60.0]",65,1,65,1,High
TXN_009367,2026-09-20 02:00:42.793653,USER_0110,USER_0139,8382.06,Healthcare,P2M,Chennai,Web,Other,2,6,1,1,3.7674482575114703,0.0,0,iOS,Delhi,1,1,1,2224.864,549.4,8382.06,5,1,-1,1,0.07921793540294053,2026-09-20 02:00:00,0,0,20,30,0,15,10,5,0,80,Critical,1,5,"(70.0, 80.0]",65,1,65,1,High
TXN_003812,2026-09-16 05:25:42.793653,USER_0118,USER_0137,5096.1,Shopping,P2P,Chennai,Web,Other,5,2,0,1,5.83480030570273,0.0,0,iOS,Kolkata,1,1,0,873.3975,531.66,5096.1,16,1,-1,1,0.05032286203051217,2026-09-16 05:00:00,0,0,20,30,0,15,10,5,0,80,Critical,1,5,"(70.0, 80.0]",65,1,65,1,High
TXN_000792,2026-09-14 03:05:42.793653,USER_0076,USER_0675,4243.28,Entertainment,P2P,Mumbai,Web,PhonePe,3,0,0,1,3.969884012751814,0.0,0,iOS,Hyderabad,1,1,0,1068.8675,516.815,4243.28,12,1,-1,1,0.006977455879161765,2026-09-14 03:00:00,0,0,20,30,0,15,10,5,0,80,Critical,1,5,"(70.0, 80.0]",65,1,65,1,High
TXN_009426,2026-09-20 02:59:42.793653,USER_0010,USER_0237,3475.4,Entertainment,P2M,Bangalore,iOS,Paytm,2,6,1,1,4.7671312084275925,0.0,0,Android,Chennai,1,1,1,729.0338461538462,473.18,3475.4,13,1,-1,1,0.048747831942888564,2026-09-20 02:00:00,0,0,20,30,0,15,10,5,0,80,Critical,1,5,"(70.0, 80.0]",65,1,65,1,High
TXN_005520,2026-09-17 09:53:42.793653,USER_0010,USER_0203,315.42,Entertainment,P2P,Bangalore,Web,Google Pay,9,3,0,0,0.4326548097376507,13.0,0,Web,Delhi,0,1,1,729.0338461538462,473.18,3475.4,13,0,-1,1,0.04777783494147869,2026-09-17 09:00:00,0,1,0,30,20,0,10,0,0,60,High,1,3,"(50.0, 60.0]",65,1,65,1,High
TXN_009555,2026-09-20 05:08:42.793653,USER_0101,USER_0961,3566.52,Education,P2M,Kolkata,Web,BHIM,5,6,1,1,2.9949615397534517,0.0,0,Android,Chennai,1,1,0,1190.84,1188.36,3566.52,11,1,-1,1,0.021592123719945677,2026-09-20 05:00:00,0,0,20,30,0,15,10,5,0,80,Critical,1,5,"(70.0, 80.0]",65,1,65,1,High
TXN_009400,2026-09-20 02:33:42.793653,USER_0988,USER_0454,3160.01,Education,P2M,Hyderabad,Web,BHIM,2,6,1,1,3.687416901247966,0.0,0,Android,Chennai,1,1,1,856.9711764705883,452.39,3160.01,17,1,-1,1,0.027644719680541385,2026-09-20 02:00:00,0,0,20,30,0,15,10,5,0,80,Critical,1,5,"(70.0, 80.0]",65,1,65,1,High
TXN_005103,2026-09-17 02:56:42.793653,USER_0911,USER_0194,79.24,Entertainment,P2M,Chennai,iOS,Google Pay,2,3,0,1,0.17317795980453005,17.0,0,iOS,Chennai,0,0,1,457.564,278.46500000000003,1733.43,10,0,-1,1,0.10249666592227258,2026-09-17 02:00:00,0,1,0,30,20,0,0,5,0,55,Medium,1,3,"(50.0, 60.0]",65,1,65,1,High
TXN_006698,2026-09-18 05:31:42.793653,USER_0074,USER_0337,5216.01,Entertainment,P2P,Chennai,Android,Google Pay,5,4,0,1,4.153643090779146,0.0,0,iOS,Kolkata,1,1,0,1255.7675,740.67,5216.01,8,1,-1,1,0.025074906499572447,2026-09-18 05:00:00,0,0,20,30,0,15,10,5,0,80,Critical,1,5,"(70.0, 80.0]",65,1,65,1,High
TXN_009435,2026-09-20 03:08:42.793653,USER_0873,USER_0515,2254.08,Healthcare,P2M,Bangalore,Web,BHIM,3,6,1,1,4.406382359457334,0.0,0,Android,Hyderabad,1,1,0,511.54888888888894,187.99,2254.08,9,1,-1,1,0.020009991201931032,2026-09-20 03:00:00,0,0,20,30,0,15,10,5,0,80,Critical,1,5,"(70.0, 80.0]",65,1,65,1,High
TXN_009425,2026-09-20 02:58:42.793653,USER_0002,USER_0238,4075.97,Education,P2P,Chennai,Android,Other,2,6,1,1,3.3550422492959973,0.0,0,iOS,Kolkata,1,1,0,1214.878888888889,685.74,4075.97,9,1,-1,1,0.03843976772900404,2026-09-20 02:00:00,0,0,20,30,0,15,10,5,0,80,Critical,1,5,"(70.0, 80.0]",65,1,65,1,High
TXN_000807,2026-09-14 03:20:42.793653,USER_0396,USER_0231,2782.52,Shopping,P2P,Mumbai,Android,BHIM,3,0,0,1,2.686715561250881,1.0,0,Web,Kolkata,1,1,0,1035.6585714285716,505.53,2856.89,7,1,-1,1,0.02289084923961826,2026-09-14 03:00:00,0,0,20,30,0,15,10,5,0,80,Critical,1,5,"(70.0, 80.0]",65,1,65,1,High
TXN_007521,2026-09-18 19:14:42.793653,USER_0419,USER_0751,397.62,Bills,P2M,Chennai,Web,Paytm,19,4,0,0,0.515705351989676,19.0,0,Web,Delhi,0,1,1,771.0216666666666,747.73,1623.21,12,0,-1,1,0.07237835147405236,2026-09-18 19:00:00,0,1,0,30,20,0,10,0,0,60,High,1,3,"(50.0, 60.0]",65,1,65,1,High
TXN_005018,2026-09-17 01:31:42.793653,USER_0403,USER_0711,24743.54,Education,P2P,Bangalore,Web,Paytm,1,3,0,1,6.22777120979387,0.0,0,iOS,Hyderabad,1,1,1,3973.0971428571434,332.88,24743.54,7,1,-1,1,0.10061294240682817,2026-09-17 01:00:00,0,0,20,30,0,15,10,5,0,80,Critical,1,5,"(70.0, 80.0]",65,1,65,1,High
TXN_003542,2026-09-16 00:55:42.793653,USER_0768,USER_0205,5798.11,Healthcare,P2M,Hyderabad,Android,Other,0,2,0,1,3.9463327979091227,0.0,0,Android,Mumbai,0,1,0,1469.24,975.625,5798.11,10,1,-1,1,0.05114140454313654,2026-09-16 00:00:00,0,0,20,30,0,0,10,5,0,65,High,1,4,"(60.0, 70.0]",60,1,60,1,High
TXN_002648,2026-09-15 10:01:42.793653,USER_0755,USER_0620,2679.74,Travel,P2M,Pune,Web,Google Pay,10,1,0,0,4.903548097860893,1.0,0,iOS,Delhi,1,1,0,546.49,205.49,2679.74,7,1,-1,1,0.013528772100025788,2026-09-15 10:00:00,0,0,20,30,0,15,10,0,0,75,High,1,4,"(70.0, 80.0]",60,1,60,1,High
TXN_008435,2026-09-19 10:28:42.793653,USER_0761,USER_0087,3554.15,Grocery,P2P,Kolkata,iOS,BHIM,10,5,1,0,4.899837207458817,0.0,0,Android,Bangalore,1,1,1,725.3608333333333,351.96500000000003,3554.15,12,1,-1,1,0.02065804281317929,2026-09-19 10:00:00,0,0,20,30,0,15,10,0,0,75,High,1,4,"(70.0, 80.0]",60,1,60,1,High
TXN_008456,2026-09-19 10:49:42.793653,USER_0770,USER_0882,984.82,Travel,P2P,Kolkata,iOS,Google Pay,10,5,1,0,1.733957362622588,17.0,0,iOS,Kolkata,0,0,1,567.960909090909,387.13,1544.56,11,0,-1,1,0.09327403433733295,2026-09-19 10:00:00,0,1,0,30,20,0,0,0,0,50,Medium,1,2,"(40.0, 50.0]",60,1,60,1,High
TXN_003838,2026-09-16 05:51:42.793653,USER_0771,USER_0254,3913.48,Healthcare,P2M,Hyderabad,Android,Paytm,5,2,0,1,3.6442857242630033,0.0,0,Android,Jaipur,0,1,0,1073.8674999999998,784.26,3913.48,8,1,-1,1,0.023935125221983822,2026-09-16 05:00:00,0,0,20,30,0,0,10,5,0,65,High,1,4,"(60.0, 70.0]",60,1,60,1,High
TXN_007286,2026-09-18 15:19:42.793653,USER_0802,USER_0668,6372.07,Healthcare,P2M,Hyderabad,Web,Paytm,15,4,0,0,6.961050263685663,0.0,0,Android,Mumbai,1,1,1,915.3891666666667,434.96000000000004,6372.07,12,1,-1,1,0.04830193288111928,2026-09-18 15:00:00,0,0,20,30,0,15,10,0,0,75,High,1,4,"(70.0, 80.0]",60,1,60,1,High
TXN_009056,2026-09-19 20:49:42.793653,USER_0788,USER_0799,6683.89,Entertainment,P2P,Pune,Android,Google Pay,20,5,1,0,3.952738645200779,0.0,0,Web,Kolkata,1,1,0,1690.9516666666668,407.975,6683.89,6,1,-1,1,0.03915425319261434,2026-09-19 20:00:00,0,0,20,30,0,15,10,0,0,75,High,1,4,"(70.0, 80.0]",60,1,60,1,High
TXN_004245,2026-09-16 12:38:42.793653,USER_0815,USER_0602,5637.51,Education,P2M,Delhi,Web,BHIM,12,2,0,0,5.065408903668163,0.0,0,Android,Pune,1,1,0,1112.942727272727,405.28,5637.51,11,1,-1,1,0.008427051224786153,2026-09-16 12:00:00,0,0,20,30,0,15,10,0,0,75,High,1,4,"(70.0, 80.0]",60,1,60,1,High
TXN_009308,2026-09-20 01:01:42.793653,USER_0797,USER_0064,14523.89,Travel,P2P,Jaipur,Web,Paytm,1,6,1,1,7.308583730450818,0.0,0,Web,Chennai,0,1,1,1987.2372727272727,372.12,14523.89,11,1,-1,1,0.13260193207659676,2026-09-20 01:00:00,0,0,20,30,0,0,10,5,0,65,High,1,4,"(60.0, 70.0]",60,1,60,1,High
TXN_009886,2026-09-20 10:39:42.793653,USER_0306,USER_0288,11723.65,Healthcare,P2P,Jaipur,Web,Google Pay,10,6,1,0,6.395793838054582,0.0,0,iOS,Bangalore,1,1,1,1833.025,726.2750000000001,11723.65,10,1,-1,1,0.09396788991159022,2026-09-20 10:00:00,0,0,20,30,0,15,10,0,0,75,High,1,4,"(70.0, 80.0]",60,1,60,1,High
TXN_003779,2026-09-16 04:52:42.793653,USER_0319,USER_0062,11582.41,Education,P2M,Bangalore,Web,Google Pay,4,2,0,1,5.467497268000317,0.0,0,Web,Jaipur,0,1,1,2118.411666666667,246.76,11582.41,6,1,-1,1,0.09733871940930527,2026-09-16 04:00:00,0,0,20,30,0,0,10,5,0,65,High,1,4,"(60.0, 70.0]",60,1,60,1,High
TXN_000728,2026-09-14 02:01:42.793653,USER_0776,USER_0202,4409.67,Entertainment,P2M,Pune,iOS,Paytm,2,0,0,1,6.34240417741287,0.0,0,iOS,Hyderabad,0,1,0,695.2678947368422,442.36,4409.67,19,1,-1,1,0.06884589008262798,2026-09-14 02:00:00,0,0,20,30,0,0,10,5,0,65,High,1,4,"(60.0, 70.0]",60,1,60,1,High
TXN_006970,2026-09-18 10:03:42.793653,USER_0831,USER_0600,4617.79,Education,P2P,Pune,Android,BHIM,10,4,0,0,5.51157917351539,0.0,0,iOS,Bangalore,1,1,0,837.8342857142858,326.78499999999997,4617.79,14,1,-1,1,0.0021044531817825396,2026-09-18 10:00:00,0,0,20,30,0,15,10,0,0,75,High,1,4,"(70.0, 80.0]",60,1,60,1,High
TXN_008040,2026-09-19 03:53:42.793653,USER_0206,USER_0597,3883.97,Travel,P2P,Chennai,iOS,Google Pay,3,5,1,1,4.8846602952372935,0.0,0,iOS,Pune,0,1,0,795.1361538461539,321.1,3883.97,13,1,-1,1,0.0798652963802784,2026-09-19 03:00:00,0,0,20,30,0,0,10,5,0,65,High,1,4,"(60.0, 70.0]",60,1,60,1,High
TXN_001008,2026-09-14 06:41:42.793653,USER_0224,USER_0852,290.33,Bills,P2P,Chennai,iOS,Other,6,0,0,0,0.2668081899720629,19.0,0,,,0,0,1,1088.16,469.3,5620.78,9,0,-1,1,0.06804733067026647,2026-09-14 06:00:00,0,1,0,30,20,0,0,0,0,50,Medium,1,2,"(40.0, 50.0]",60,1,60,1,High
TXN_009320,2026-09-20 01:13:42.793653,USER_0198,USER_0231,2345.85,Entertainment,P2P,Pune,Web,Paytm,1,6,1,1,3.413381167485279,0.0,0,Web,Kolkata,0,1,0,687.2511111111112,235.34,2345.85,9,1,-1,1,0.03635337071178324,2026-09-20 01:00:00,0,0,20,30,0,0,10,5,0,65,High,1,4,"(60.0, 70.0]",60,1,60,1,High
TXN_004668,2026-09-16 19:41:42.793653,USER_0202,USER_0541,13047.85,Education,P2M,Bangalore,Android,Google Pay,19,2,0,0,5.96295049402388,0.0,0,iOS,Mumbai,1,1,1,2188.1533333333336,706.06,13047.85,9,1,-1,1,0.05972019218041735,2026-09-16 19:00:00,0,0,20,30,0,15,10,0,0,75,High,1,4,"(70.0, 80.0]",60,1,60,1,High
TXN_008943,2026-09-19 18:56:42.793653,USER_0197,USER_0162,3670.55,Food,P2M,Delhi,iOS,PhonePe,18,5,1,0,4.298193741034574,0.0,0,Web,Kolkata,1,1,0,853.975,207.04999999999998,3670.55,6,1,-1,1,0.013949539602980843,2026-09-19 18:00:00,0,0,20,30,0,15,10,0,0,75,High,1,4,"(70.0, 80.0]",60,1,60,1,High
TXN_008012,2026-09-19 03:25:42.793653,USER_0194,USER_0245,4171.28,Food,P2P,Delhi,Web,PhonePe,3,5,1,1,5.070293792315453,0.0,0,Web,Jaipur,0,1,0,822.6899999999999,539.0,4171.28,13,1,-1,1,0.086791731141312,2026-09-19 03:00:00,0,0,20,30,0,0,10,5,0,65,High,1,4,"(60.0, 70.0]",60,1,60,1,High
TXN_002757,2026-09-15 11:50:42.793653,USER_0293,USER_0589,7792.13,Food,P2P,Chennai,iOS,Paytm,11,1,0,0,6.273929648492959,0.0,0,Android,Pune,1,1,0,1241.9855555555557,525.07,7792.13,9,1,-1,1,0.04661077096302668,2026-09-15 11:00:00,0,0,20,30,0,15,10,0,0,75,High,1,4,"(70.0, 80.0]",60,1,60,1,High
TXN_003600,2026-09-16 01:53:42.793653,USER_0288,USER_0138,2032.71,Travel,P2P,Bangalore,Android,Other,1,2,0,1,2.5520132964288544,2.0,0,Android,Mumbai,0,1,0,796.5123076923077,338.34,2565.86,13,1,-1,1,0.040492375802259506,2026-09-16 01:00:00,0,0,20,30,0,0,10,5,0,65,High,1,4,"(60.0, 70.0]",60,1,60,1,High
TXN_003645,2026-09-16 02:38:42.793653,USER_0283,USER_0007,2560.18,Education,P2P,Pune,Android,BHIM,2,2,0,1,3.827247789396578,0.0,0,iOS,Pune,1,0,0,668.935,442.305,2560.18,18,1,-1,1,0.034519786856438306,2026-09-16 02:00:00,0,0,20,30,0,15,0,5,0,70,High,1,4,"(60.0, 70.0]",60,1,60,1,High
TXN_002066,2026-09-15 00:19:42.793653,USER_0272,USER_0503,3214.96,Education,P2M,Chennai,Android,BHIM,0,1,0,1,4.348662535337549,0.0,0,Android,Hyderabad,0,1,0,739.2985714285714,210.91,3214.96,7,1,-1,1,0.0254136767289449,2026-09-15 00:00:00,0,0,20,30,0,0,10,5,0,65,High,1,4,"(60.0, 70.0]",60,1,60,1,High
TXN_006854,2026-09-18 08:07:42.793653,USER_0268,USER_0019,6280.21,Grocery,P2P,Chennai,iOS,PhonePe,8,4,0,0,4.491691453287166,0.0,0,Web,Delhi,1,1,0,1398.18375,461.125,6570.15,16,1,-1,1,0.006188493598865863,2026-09-18 08:00:00,0,0,20,30,0,15,10,0,0,75,High,1,4,"(70.0, 80.0]",60,1,60,1,High
TXN_004521,2026-09-16 17:14:42.793653,USER_0268,USER_0654,6570.15,Travel,P2P,Delhi,Android,BHIM,17,2,0,0,4.699060477565985,0.0,0,iOS,Hyderabad,1,1,0,1398.18375,461.125,6570.15,16,1,-1,1,0.014133840115635676,2026-09-16 17:00:00,0,0,20,30,0,15,10,0,0,75,High,1,4,"(70.0, 80.0]",60,1,60,1,High
TXN_002235,2026-09-15 03:08:42.793653,USER_0336,USER_0379,7451.26,Grocery,P2M,Mumbai,Web,PhonePe,3,1,0,1,6.741513462651998,0.0,0,Web,Bangalore,0,1,1,1105.28,455.02,7451.26,11,1,-1,1,0.09191564283838971,2026-09-15 03:00:00,0,0,20,30,0,0,10,5,0,65,High,1,4,"(60.0, 70.0]",60,1,60,1,High
TXN_006433,2026-09-18 01:06:42.793653,USER_0335,USER_0391,2835.3,Travel,P2P,Hyderabad,Web,PhonePe,1,4,0,1,4.010933895074731,1.0,0,Web,Chennai,0,1,0,706.8927272727274,438.8,2835.3,11,1,-1,1,0.05321217218932228,2026-09-18 01:00:00,0,0,20,30,0,0,10,5,0,65,High,1,4,"(60.0, 70.0]",60,1,60,1,High
TXN_009291,2026-09-20 00:44:42.793653,USER_0835,USER_0313,3317.18,Shopping,P2M,Chennai,Android,Google Pay,0,6,1,1,3.2247128255071393,0.0,0,Android,Pune,0,1,0,1028.6745454545455,694.74,3317.18,11,1,-1,1,0.05076260510114494,2026-09-20 00:00:00,0,0,20,30,0,0,10,5,0,65,High,1,4,"(60.0, 70.0]",60,1,60,1,High
TXN_005338,2026-09-17 06:51:42.793653,USER_0233,USER_0009,16288.23,Education,P2M,Kolkata,Web,Paytm,6,3,0,0,6.83121520980799,0.0,0,iOS,Jaipur,1,1,1,2384.3825,1016.9849999999999,16288.23,16,1,-1,1,0.0781406811784986,2026-09-17 06:00:00,0,0,20,30,0,15,10,0,0,75,High,1,4,"(70.0, 80.0]",60,1,60,1,High
TXN_008345,2026-09-19 08:58:42.793653,USER_0820,USER_0690,2979.81,Shopping,P2M,Mumbai,iOS,PhonePe,8,5,1,0,4.262722984668564,0.0,0,Web,Bangalore,1,1,0,699.039090909091,507.03,2979.81,11,1,-1,1,0.0017174319148555162,2026-09-19 08:00:00,0,0,20,30,0,15,10,0,0,75,High,1,4,"(70.0, 80.0]",60,1,60,1,High
TXN_004814,2026-09-16 22:07:42.793653,USER_0822,USER_0832,4256.96,Education,P2M,Hyderabad,Web,Google Pay,22,2,0,0,6.032755083241874,0.0,0,Android,Kolkata,1,1,1,705.6411111111112,434.26,4256.96,18,1,-1,1,0.003639643200638587,2026-09-16 22:00:00,0,0,20,30,0,15,10,0,0,75,High,1,4,"(70.0, 80.0]",60,1,60,1,High
TXN_007664,2026-09-18 21:37:42.793653,USER_0225,USER_0670,29876.16,Shopping,P2P,Mumbai,Web,Other,21,4,0,0,9.225554038102269,0.0,0,iOS,Pune,1,1,1,3238.4136363636367,692.05,29876.16,11,1,-1,1,0.0902852686097203,2026-09-18 21:00:00,0,0,20,30,0,15,10,0,0,75,High,1,4,"(70.0, 80.0]",60,1,60,1,High
TXN_003137,2026-09-15 18:10:42.793653,USER_0230,USER_0043,10401.57,Entertainment,P2P,Chennai,Android,PhonePe,18,1,0,0,5.802508787870123,0.0,0,Web,Kolkata,1,1,1,1792.59875,501.03,10401.57,8,1,-1,1,0.05034099639625966,2026-09-15 18:00:00,0,0,20,30,0,15,10,0,0,75,High,1,4,"(70.0, 80.0]",60,1,60,1,High
TXN_004647,2026-09-16 19:20:42.793653,USER_0825,USER_0286,5969.62,Education,P2M,Jaipur,iOS,Paytm,19,2,0,0,5.671808273376258,0.0,0,Web,Mumbai,1,1,1,1052.5073684210527,703.26,5969.62,19,1,-1,1,0.023385994500258134,2026-09-16 19:00:00,0,0,20,30,0,15,10,0,0,75,High,1,4,"(70.0, 80.0]",60,1,60,1,High
TXN_008420,2026-09-19 10:13:42.793653,USER_0090,USER_0960,7589.72,Entertainment,P2M,Chennai,Android,PhonePe,10,5,1,0,7.101506636270616,1.0,0,iOS,Mumbai,1,1,0,1068.7478571428571,632.47,7589.72,14,1,-1,1,0.11684984192166492,2026-09-19 10:00:00,0,0,20,30,0,15,10,0,0,75,High,1,4,"(70.0, 80.0]",60,1,60,1,High
TXN_007529,2026-09-18 19:22:42.793653,USER_0122,USER_0313,7845.53,Entertainment,P2M,Kolkata,Android,Google Pay,19,4,0,0,4.854904447060955,0.0,0,Web,Bangalore,1,1,0,1616.0009090909089,552.41,7845.53,11,1,-1,1,0.02067768207992471,2026-09-18 19:00:00,0,0,20,30,0,15,10,0,0,75,High,1,4,"(70.0, 80.0]",60,1,60,1,High
TXN_007720,2026-09-18 22:33:42.793653,USER_0121,USER_0854,8965.93,Bills,P2M,Pune,Android,PhonePe,22,4,0,0,5.094591996666462,0.0,0,Web,Mumbai,1,1,0,1759.8916666666667,352.475,8965.93,6,1,-1,1,0.03173636992773332,2026-09-18 22:00:00,0,0,20,30,0,15,10,0,0,75,High,1,4,"(70.0, 80.0]",60,1,60,1,High
TXN_000502,2026-09-13 22:15:42.793653,USER_0872,USER_0519,3996.65,Shopping,P2M,Bangalore,iOS,Other,22,6,1,0,4.100077380551102,0.0,0,Android,Chennai,1,1,0,974.7742857142857,454.52,3996.65,14,1,-1,1,0.012497448528069222,2026-09-13 22:00:00,0,0,20,30,0,15,10,0,0,75,High,1,4,"(70.0, 80.0]",60,1,60,1,High
TXN_006948,2026-09-18 09:41:42.793653,USER_0991,USER_0689,9260.72,Grocery,P2P,Mumbai,Web,Google Pay,9,4,0,0,4.597396665905457,0.0,0,iOS,Bangalore,1,1,0,2014.3400000000001,544.3499999999999,9260.72,8,1,-1,1,0.02691142731988727,2026-09-18 09:00:00,0,0,20,30,0,15,10,0,0,75,High,1,4,"(70.0, 80.0]",60,1,60,1,High
TXN_001817,2026-09-14 20:10:42.793653,USER_0004,USER_0335,12023.49,Entertainment,P2P,Pune,iOS,Google Pay,20,0,0,0,4.457879703329314,0.0,0,Android,Delhi,1,1,1,2697.132,467.31,12023.49,5,1,-1,1,0.03150181175823452,2026-09-14 20:00:00,0,0,20,30,0,15,10,0,0,75,High,1,4,"(70.0, 80.0]",60,1,60,1,High
TXN_003305,2026-09-15 20:58:42.793653,USER_0994,USER_0617,5512.64,Bills,P2M,Kolkata,iOS,PhonePe,20,1,0,0,5.261161730446394,0.0,0,Web,Bangalore,1,1,0,1047.799,483.54,5512.64,10,1,-1,1,0.011499257056078238,2026-09-15 20:00:00,0,0,20,30,0,15,10,0,0,75,High,1,4,"(70.0, 80.0]",60,1,60,1,High
TXN_009589,2026-09-20 05:42:42.793653,USER_0914,USER_0461,2126.71,Food,P2M,Delhi,Android,Google Pay,5,6,1,1,2.438076786389847,0.0,0,Android,Chennai,0,1,0,872.2900000000001,433.66,2248.44,11,1,-1,1,0.009640678204479336,2026-09-20 05:00:00,0,0,20,30,0,0,10,5,0,65,High,1,4,"(60.0, 70.0]",60,1,60,1,High
TXN_009595,2026-09-20 05:48:42.793653,USER_0913,USER_0394,1874.78,Travel,P2P,Bangalore,iOS,Paytm,5,6,1,1,3.2790153372574835,0.0,0,iOS,Jaipur,0,1,0,571.7509090909091,320.77,1874.78,11,1,-1,1,0.022251012904264567,2026-09-20 05:00:00,0,0,20,30,0,0,10,5,0,65,High,1,4,"(60.0, 70.0]",60,1,60,1,High
TXN_007987,2026-09-19 03:00:42.793653,USER_0012,USER_0180,32067.9,Travel,P2P,Bangalore,iOS,Paytm,3,5,1,1,11.46601416987522,1.0,0,Android,Bangalore,1,0,1,2796.7783333333336,358.775,32067.9,18,1,-1,1,0.17167984736918662,2026-09-19 03:00:00,0,0,20,30,0,15,0,5,0,70,High,1,4,"(60.0, 70.0]",60,1,60,1,High
TXN_001971,2026-09-14 22:44:42.793653,USER_0922,USER_0094,11342.2,Food,P2M,Delhi,iOS,Google Pay,22,0,0,0,4.667463973313375,0.0,0,Android,Bangalore,1,1,1,2430.05625,1031.385,11342.2,8,1,-1,1,0.03370842576022426,2026-09-14 22:00:00,0,0,20,30,0,15,10,0,0,75,High,1,4,"(70.0, 80.0]",60,1,60,1,High
TXN_006458,2026-09-18 01:31:42.793653,USER_0096,USER_0647,4309.09,Bills,P2M,Jaipur,Web,Other,1,4,0,1,5.842300979633291,0.0,0,Android,Jaipur,1,0,0,737.5672727272728,378.57,4309.09,11,1,-1,1,0.08310428215452648,2026-09-18 01:00:00,0,0,20,30,0,15,0,5,0,70,High,1,4,"(60.0, 70.0]",60,1,60,1,High
TXN_002906,2026-09-15 14:19:42.793653,USER_0102,USER_0171,5649.13,Shopping,P2P,Pune,iOS,Paytm,14,1,0,0,5.660523089199534,1.0,0,Android,Mumbai,1,1,1,997.9872727272727,436.07,5649.13,11,1,-1,1,0.0722975066090149,2026-09-15 14:00:00,0,0,20,30,0,15,10,0,0,75,High,1,4,"(70.0, 80.0]",60,1,60,1,High
TXN_008630,2026-09-19 13:43:42.793653,USER_0904,USER_0557,4234.36,Grocery,P2M,Kolkata,iOS,BHIM,13,5,1,0,3.8050034146867473,0.0,0,Web,Delhi,1,1,0,1112.84,768.62,4234.36,8,1,-1,1,0.011629043529438499,2026-09-19 13:00:00,0,0,20,30,0,15,10,0,0,75,High,1,4,"(70.0, 80.0]",60,1,60,1,High
TXN_002322,2026-09-15 04:35:42.793653,USER_0906,USER_0590,5620.93,Entertainment,P2P,Chennai,Android,BHIM,4,1,0,1,5.723473838554761,0.0,0,Android,Mumbai,0,1,1,982.0836363636364,478.89,5620.93,11,1,-1,1,0.08147310025901211,2026-09-15 04:00:00,0,0,20,30,0,0,10,5,0,65,High,1,4,"(60.0, 70.0]",60,1,60,1,High
TXN_009429,2026-09-20 03:02:42.793653,USER_0081,USER_0368,9495.76,Education,P2P,Bangalore,iOS,Paytm,3,6,1,1,6.031792210432038,0.0,0,Web,Bangalore,1,0,1,1574.2849999999999,466.03,9495.76,8,1,-1,1,0.1348933449736628,2026-09-20 03:00:00,0,0,20,30,0,15,0,5,0,70,High,1,4,"(60.0, 70.0]",60,1,60,1,High
TXN_009983,2026-09-20 12:16:42.793653,USER_0177,USER_0534,5781.18,Education,P2P,Kolkata,iOS,Google Pay,12,6,1,0,4.596427762163537,0.0,0,Web,Delhi,1,1,1,1257.755,851.865,5781.18,12,1,-1,1,0.04823272951038571,2026-09-20 12:00:00,0,0,20,30,0,15,10,0,0,75,High,1,4,"(70.0, 80.0]",60,1,60,1,High
TXN_005037,2026-09-17 01:50:42.793653,USER_0160,USER_0772,2251.03,Bills,P2P,Delhi,Web,PhonePe,1,3,0,1,2.9461506848956494,0.0,0,iOS,Delhi,1,0,0,764.058,321.49,2449.31,10,1,-1,1,0.022154331814217554,2026-09-17 01:00:00,0,0,20,30,0,15,0,5,0,70,High,1,4,"(60.0, 70.0]",60,1,60,1,High
TXN_009630,2026-09-20 06:23:42.793653,USER_0154,USER_0296,6692.13,Grocery,P2M,Kolkata,Web,PhonePe,6,6,1,0,8.393839611250806,0.0,0,iOS,Hyderabad,1,1,0,797.2668421052631,302.32,6692.13,19,1,-1,1,0.08160316085054131,2026-09-20 06:00:00,0,0,20,30,0,15,10,0,0,75,High,1,4,"(70.0, 80.0]",60,1,60,1,High
TXN_008099,2026-09-19 04:52:42.793653,USER_0865,USER_0070,3058.54,Bills,P2P,Kolkata,Android,Other,4,5,1,1,3.2916904333975485,0.0,0,Android,Bangalore,0,1,1,929.17,459.32,3058.54,7,1,-1,1,0.048796031766026204,2026-09-19 04:00:00,0,0,20,30,0,0,10,5,0,65,High,1,4,"(60.0, 70.0]",60,1,60,1,High
TXN_006421,2026-09-18 00:54:42.793653,USER_0872,USER_0598,2105.21,Healthcare,P2M,Hyderabad,iOS,BHIM,0,4,0,1,2.159689715714407,0.0,0,Web,Hyderabad,1,0,0,974.7742857142857,454.52,3996.65,14,1,-1,1,0.008915963751831124,2026-09-18 00:00:00,0,0,20,30,0,15,0,5,0,70,High,1,4,"(60.0, 70.0]",60,1,60,1,High
TXN_008454,2026-09-19 10:47:42.793653,USER_0117,USER_0680,5218.57,Grocery,P2P,Bangalore,Web,Other,10,5,1,0,6.812658789693658,0.0,0,iOS,Delhi,1,1,0,766.0107692307691,390.04,5218.57,13,1,-1,1,0.0665998586873563,2026-09-19 10:00:00,0,0,20,30,0,15,10,0,0,75,High,1,4,"(70.0, 80.0]",60,1,60,1,High
TXN_009680,2026-09-20 07:13:42.793653,USER_0860,USER_0358,4166.28,Healthcare,P2P,Bangalore,Android,PhonePe,7,6,1,0,3.508081967627222,0.0,0,Web,Mumbai,1,1,0,1187.6233333333332,688.355,4166.28,6,1,-1,1,0.0075337180860302055,2026-09-20 07:00:00,0,0,20,30,0,15,10,0,0,75,High,1,4,"(70.0, 80.0]",60,1,60,1,High
TXN_004436,2026-09-16 15:49:42.793653,USER_0262,USER_0182,7692.57,Food,P2P,Delhi,iOS,Google Pay,15,2,0,0,6.050091232264762,0.0,0,Android,Chennai,1,1,1,1271.48,292.42,7692.57,8,1,-1,1,0.03858211631527897,2026-09-16 15:00:00,0,0,20,30,0,15,10,0,0,75,High,1,4,"(70.0, 80.0]",60,1,60,1,High
TXN_008888,2026-09-19 18:01:42.793653,USER_0261,USER_0060,4728.29,Healthcare,P2P,Hyderabad,Web,BHIM,18,5,1,0,4.927047079173874,0.0,0,Android,Chennai,1,1,0,959.6600000000001,576.61,4728.29,10,1,-1,1,0.036349232107563134,2026-09-19 18:00:00,0,0,20,30,0,15,10,0,0,75,High,1,4,"(70.0, 80.0]",60,1,60,1,High
TXN_001076,2026-09-14 07:49:42.793653,USER_0236,USER_0607,309.64,Entertainment,P2M,Mumbai,iOS,Paytm,7,0,0,0,0.5022510426166162,19.0,0,,,0,0,1,616.5044444444444,526.16,1504.9,9,0,-1,1,0.06446412452773986,2026-09-14 07:00:00,0,1,0,30,20,0,0,0,0,50,Medium,1,2,"(40.0, 50.0]",60,1,60,1,High
TXN_006253,2026-09-17 22:06:42.793653,USER_0414,USER_0021,10971.58,Entertainment,P2P,Kolkata,Android,PhonePe,22,3,0,0,6.498045536716574,0.0,0,Web,Delhi,1,1,1,1688.4430769230771,1187.63,10971.58,13,1,-1,1,0.06018937555607751,2026-09-17 22:00:00,0,0,20,30,0,15,10,0,0,75,High,1,4,"(70.0, 80.0]",60,1,60,1,High
TXN_008872,2026-09-19 17:45:42.793653,USER_0516,USER_0853,4443.75,Grocery,P2P,Chennai,iOS,PhonePe,17,5,1,0,5.4273024492441815,0.0,0,Android,Delhi,1,1,0,818.7769230769231,324.53,4443.75,13,1,-1,1,0.04286376213508103,2026-09-19 17:00:00,0,0,20,30,0,15,10,0,0,75,High,1,4,"(70.0, 80.0]",60,1,60,1,High
TXN_008014,2026-09-19 03:27:42.793653,USER_0527,USER_0001,5743.13,Healthcare,P2M,Chennai,Web,PhonePe,3,5,1,1,4.618212583916518,0.0,0,Web,Kolkata,0,1,0,1243.5828571428572,393.03,5743.13,7,1,-1,1,0.09927839847208797,2026-09-19 03:00:00,0,0,20,30,0,0,10,5,0,65,High,1,4,"(60.0, 70.0]",60,1,60,1,High
TXN_004769,2026-09-16 21:22:42.793653,USER_0533,USER_0469,13118.39,Shopping,P2M,Jaipur,Android,BHIM,21,2,0,0,6.422537670673992,0.0,0,iOS,Delhi,1,1,1,2042.5555555555557,816.3,13118.39,9,1,-1,1,0.06750377266598273,2026-09-16 21:00:00,0,0,20,30,0,15,10,0,0,75,High,1,4,"(70.0, 80.0]",60,1,60,1,High
TXN_009355,2026-09-20 01:48:42.793653,USER_0543,USER_0555,4069.55,Healthcare,P2M,Pune,iOS,Other,1,6,1,1,3.06107788935274,0.0,0,Android,Pune,1,0,0,1329.45,688.41,4069.55,5,1,-1,1,0.08278870030038021,2026-09-20 01:00:00,0,0,20,30,0,15,0,5,0,70,High,1,4,"(60.0, 70.0]",60,1,60,1,High
TXN_005691,2026-09-17 12:44:42.793653,USER_0542,USER_0180,11486.76,Entertainment,P2M,Bangalore,iOS,Paytm,12,3,0,0,8.44483352419731,0.0,0,Android,Jaipur,1,1,1,1360.2115384615386,346.32,11486.76,13,1,-1,1,0.06957486081628472,2026-09-17 12:00:00,0,0,20,30,0,15,10,0,0,75,High,1,4,"(70.0, 80.0]",60,1,60,1,High
TXN_008302,2026-09-19 08:15:42.793653,USER_0547,USER_0408,5092.27,Grocery,P2M,Hyderabad,Android,Google Pay,8,5,1,0,5.388040252702586,0.0,0,iOS,Chennai,1,1,0,945.1061538461539,364.11,5092.27,13,1,-1,1,0.05245041917238924,2026-09-19 08:00:00,0,0,20,30,0,15,10,0,0,75,High,1,4,"(70.0, 80.0]",60,1,60,1,High
TXN_008824,2026-09-19 16:57:42.793653,USER_0482,USER_0290,4153.81,Education,P2M,Mumbai,Android,BHIM,16,5,1,0,4.190121593731275,0.0,0,Web,Pune,1,1,1,991.3340000000001,576.095,4153.81,10,1,-1,1,0.020643369921868326,2026-09-19 16:00:00,0,0,20,30,0,15,10,0,0,75,High,1,4,"(70.0, 80.0]",60,1,60,1,High
TXN_009346,2026-09-20 01:39:42.793653,USER_0459,USER_0620,4321.34,Entertainment,P2M,Kolkata,Web,Other,1,6,1,1,3.900841309431887,0.0,0,Web,Bangalore,0,1,0,1107.7969230769231,687.33,4321.34,13,1,-1,1,0.07267809806417558,2026-09-20 01:00:00,0,0,20,30,0,0,10,5,0,65,High,1,4,"(60.0, 70.0]",60,1,60,1,High
TXN_009676,2026-09-20 07:09:42.793653,USER_0442,USER_0190,9743.02,Education,P2M,Pune,Web,Other,7,6,1,0,6.645339359726084,0.0,0,Android,Chennai,1,1,0,1466.1433333333334,580.315,9743.02,12,1,-1,1,0.09091745127643835,2026-09-20 07:00:00,0,0,20,30,0,15,10,0,0,75,High,1,4,"(70.0, 80.0]",60,1,60,1,High
TXN_006991,2026-09-18 10:24:42.793653,USER_0444,USER_0517,3137.61,Shopping,P2P,Delhi,Web,Paytm,1,4,0,1,3.8809952316455463,0.0,0,Web,Pune,0,1,1,808.455,553.7049999999999,3137.61,8,1,-1,1,0.015493126218138364,2026-09-18 10:00:00,0,0,20,30,0,0,10,5,0,65,High,1,4,"(60.0, 70.0]",60,1,60,1,High
TXN_009106,2026-09-19 21:39:42.793653,USER_0446,USER_0228,5750.7,Grocery,P2M,Delhi,iOS,BHIM,21,5,1,0,4.946966373325763,0.0,0,Android,Chennai,1,1,0,1162.47,737.39,5750.7,11,1,-1,1,0.05063503277698789,2026-09-19 21:00:00,0,0,20,30,0,15,10,0,0,75,High,1,4,"(70.0, 80.0]",60,1,60,1,High
TXN_008413,2026-09-19 10:06:42.793653,USER_0455,USER_0082,4068.69,Healthcare,P2M,Hyderabad,Web,Paytm,10,5,1,0,3.5465448656604717,0.0,0,iOS,Pune,1,1,0,1147.2264285714286,584.9449999999999,4950.94,14,1,-1,1,0.007083099488095601,2026-09-19 10:00:00,0,0,20,30,0,15,10,0,0,75,High,1,4,"(70.0, 80.0]",60,1,60,1,High
TXN_008319,2026-09-19 08:32:42.793653,USER_0507,USER_0369,4610.04,Grocery,P2M,Delhi,Web,Google Pay,8,5,1,0,4.63936076000322,0.0,0,Android,Mumbai,1,1,0,993.6800000000001,483.5,4610.04,7,1,-1,1,0.03314788626496046,2026-09-19 08:00:00,0,0,20,30,0,15,10,0,0,75,High,1,4,"(70.0, 80.0]",60,1,60,1,High
TXN_008589,2026-09-19 13:02:42.793653,USER_0494,USER_0993,3130.08,Education,P2M,Pune,Web,BHIM,13,5,1,0,4.473181770800058,0.0,0,iOS,Kolkata,1,1,0,699.7435294117647,568.96,3130.08,17,1,-1,1,0.0051655757873058095,2026-09-19 13:00:00,0,0,20,30,0,15,10,0,0,75,High,1,4,"(70.0, 80.0]",60,1,60,1,High
TXN_006514,2026-09-18 02:27:42.793653,USER_0490,USER_0106,9481.33,Travel,P2P,Hyderabad,Web,Paytm,2,4,0,1,6.301391561484669,0.0,0,Web,Jaipur,0,1,1,1504.6406666666667,755.66,9481.33,15,1,-1,1,0.10233180675857878,2026-09-18 02:00:00,0,0,20,30,0,0,10,5,0,65,High,1,4,"(60.0, 70.0]",60,1,60,1,High
TXN_002362,2026-09-15 05:15:42.793653,USER_0489,USER_0173,5649.42,Travel,P2P,Mumbai,Android,PhonePe,5,1,0,1,5.762351614644088,0.0,0,Android,Delhi,0,1,0,980.4018181818182,305.46,5649.42,11,1,-1,1,0.08147310025901211,2026-09-15 05:00:00,0,0,20,30,0,0,10,5,0,65,High,1,4,"(60.0, 70.0]",60,1,60,1,High
TXN_009728,2026-09-20 08:01:42.793653,USER_0457,USER_0564,5718.82,Education,P2P,Kolkata,Android,PhonePe,8,6,1,0,6.603870759139935,0.0,0,iOS,Pune,1,1,1,865.9799999999999,280.77,5718.82,10,1,-1,1,0.06735759584500822,2026-09-20 08:00:00,0,0,20,30,0,15,10,0,0,75,High,1,4,"(70.0, 80.0]",60,1,60,1,High
TXN_000394,2026-09-13 20:27:42.793653,USER_0422,USER_0772,1484.67,Travel,P2P,Pune,Android,Paytm,20,6,1,0,1.141431619583786,17.0,0,,,0,0,1,1300.7086666666667,577.15,9374.62,15,0,-1,1,0.10036381917008641,2026-09-13 20:00:00,0,1,0,30,20,0,0,0,0,50,Medium,1,2,"(40.0, 50.0]",60,1,60,1,High
TXN_009314,2026-09-20 01:07:42.793653,USER_0431,USER_0835,3547.29,Grocery,P2M,Hyderabad,Web,Paytm,1,6,1,1,2.921028072441942,0.0,0,Web,Kolkata,0,1,0,1214.3977777777777,1102.57,3547.29,9,1,-1,1,0.05218427915400259,2026-09-20 01:00:00,0,0,20,30,0,0,10,5,0,65,High,1,4,"(60.0, 70.0]",60,1,60,1,High
TXN_007041,2026-09-18 11:14:42.793653,USER_0422,USER_0982,9374.62,Food,P2M,Pune,Web,Other,11,4,0,0,7.20731724193427,1.0,0,iOS,Mumbai,1,1,0,1300.7086666666667,577.15,9374.62,15,1,-1,1,0.10579297682099709,2026-09-18 11:00:00,0,0,20,30,0,15,10,0,0,75,High,1,4,"(70.0, 80.0]",60,1,60,1,High
TXN_005171,2026-09-17 04:04:42.793653,USER_0397,USER_0285,2090.97,Healthcare,P2M,Pune,Android,PhonePe,4,3,0,1,3.40212526053234,0.0,0,iOS,Pune,1,0,0,614.607,270.155,2090.97,10,1,-1,1,0.0277961388267145,2026-09-17 04:00:00,0,0,20,30,0,15,0,5,0,70,High,1,4,"(60.0, 70.0]",60,1,60,1,High
TXN_006534,2026-09-18 02:47:42.793653,USER_0386,USER_0704,2499.73,Food,P2M,Mumbai,Android,BHIM,2,4,0,1,4.517140577478023,0.0,0,Android,Kolkata,0,1,0,553.3876923076923,303.12,2499.73,13,1,-1,1,0.010825741876863026,2026-09-18 02:00:00,0,0,20,30,0,0,10,5,0,65,High,1,4,"(60.0, 70.0]",60,1,60,1,High
TXN_001277,2026-09-14 11:10:42.793653,USER_0369,USER_0964,5268.53,Shopping,P2P,Jaipur,Web,Paytm,11,0,0,0,6.058510154521001,0.0,0,iOS,Chennai,1,1,0,869.6081818181818,404.5,5268.53,11,1,-1,1,0.020362090285323764,2026-09-14 11:00:00,0,0,20,30,0,15,10,0,0,75,High,1,4,"(70.0, 80.0]",60,1,60,1,High
TXN_004961,2026-09-17 00:34:42.793653,USER_0358,USER_0468,5070.77,Healthcare,P2M,Pune,Android,Paytm,0,3,0,1,4.552091669231558,0.0,0,Android,Delhi,0,1,0,1113.9428571428573,442.23,5070.77,7,1,-1,1,0.05288500555174802,2026-09-17 00:00:00,0,0,20,30,0,0,10,5,0,65,High,1,4,"(60.0, 70.0]",60,1,60,1,High
TXN_004267,2026-09-16 13:00:42.793653,USER_0737,USER_0774,6241.61,Healthcare,P2P,Mumbai,iOS,Other,13,2,0,0,4.501837415477085,0.0,0,Web,Kolkata,1,1,0,1386.4583333333333,374.73,6241.61,6,1,-1,1,0.005781107751515413,2026-09-16 13:00:00,0,0,20,30,0,15,10,0,0,75,High,1,4,"(70.0, 80.0]",60,1,60,1,High
TXN_008121,2026-09-19 05:14:42.793653,USER_0409,USER_0409,2515.86,Entertainment,P2M,Pune,Android,Other,5,5,1,1,1.7117418691138588,0.0,0,Android,Jaipur,0,1,0,1469.766,1382.13,2515.86,5,1,-1,1,0.006998138300955858,2026-09-19 05:00:00,0,0,20,30,0,0,10,5,0,65,High,1,4,"(60.0, 70.0]",60,1,60,1,High
TXN_003202,2026-09-15 19:15:42.793653,USER_0406,USER_0126,7429.21,Travel,P2P,Pune,iOS,Google Pay,19,1,0,0,4.761354370878235,0.0,0,Android,Hyderabad,1,1,1,1560.3144444444445,429.37,7429.21,9,1,-1,1,0.01626320442773843,2026-09-15 19:00:00,0,0,20,30,0,15,10,0,0,75,High,1,4,"(70.0, 80.0]",60,1,60,1,High
TXN_003760,2026-09-16 04:33:42.793653,USER_0728,USER_0689,7356.32,Bills,P2P,Kolkata,iOS,Other,4,2,0,1,5.108422523719,0.0,0,iOS,Bangalore,0,1,1,1440.0375000000001,277.995,7356.32,12,1,-1,1,0.07657900187454181,2026-09-16 04:00:00,0,0,20,30,0,0,10,5,0,65,High,1,4,"(60.0, 70.0]",60,1,60,1,High
TXN_005146,2026-09-17 03:39:42.793653,USER_0723,USER_0015,4775.47,Education,P2M,Bangalore,Android,PhonePe,3,3,0,1,3.114743352471086,0.0,0,Android,Pune,0,1,0,1533.1825,611.075,4775.47,4,1,-1,1,0.023628915999362565,2026-09-17 03:00:00,0,0,20,30,0,0,10,5,0,65,High,1,4,"(60.0, 70.0]",60,1,60,1,High
TXN_000116,2026-09-13 15:49:42.793653,USER_0725,USER_0168,31.52,Shopping,P2P,Chennai,Android,BHIM,15,6,1,0,0.052261833110325194,15.0,0,,,0,0,1,603.117,184.83999999999997,2383.8,10,0,-1,1,0.0836124632103099,2026-09-13 15:00:00,0,1,0,30,20,0,0,0,0,50,Medium,1,2,"(40.0, 50.0]",60,1,60,1,High
TXN_008070,2026-09-19 04:23:42.793653,USER_0710,USER_0264,3245.82,Travel,P2M,Chennai,Android,PhonePe,4,5,1,1,2.01251791756595,0.0,0,Android,Hyderabad,0,1,0,1612.8154545454547,237.96,12613.04,11,1,-1,1,0.03174142687196213,2026-09-19 04:00:00,0,0,20,30,0,0,10,5,0,65,High,1,4,"(60.0, 70.0]",60,1,60,1,High
TXN_006670,2026-09-18 05:03:42.793653,USER_0462,USER_0271,3791.87,Healthcare,P2P,Delhi,Web,Other,5,4,0,1,4.564338677837161,0.0,0,Web,Pune,0,1,0,830.76,435.90999999999997,3791.87,8,1,-1,1,0.03655581675170538,2026-09-18 05:00:00,0,0,20,30,0,0,10,5,0,65,High,1,4,"(60.0, 70.0]",60,1,60,1,High
TXN_009183,2026-09-19 22:56:42.793653,USER_0597,USER_0383,8651.38,Food,P2M,Mumbai,iOS,BHIM,22,5,1,0,5.756112815121856,0.0,0,Android,Kolkata,1,1,0,1502.99,297.23,8651.38,7,1,-1,1,0.08397996241729122,2026-09-19 22:00:00,0,0,20,30,0,15,10,0,0,75,High,1,4,"(70.0, 80.0]",60,1,60,1,High
TXN_009659,2026-09-20 06:52:42.793653,USER_0630,USER_0420,9459.99,Entertainment,P2M,Hyderabad,Web,Google Pay,6,6,1,0,5.775647013572174,0.0,0,Android,Jaipur,1,1,1,1637.91,770.92,9459.99,13,1,-1,1,0.08559241798006112,2026-09-20 06:00:00,0,0,20,30,0,15,10,0,0,75,High,1,4,"(70.0, 80.0]",60,1,60,1,High
TXN_003197,2026-09-15 19:10:42.793653,USER_0633,USER_0576,14123.81,Food,P2M,Pune,Web,Paytm,19,1,0,0,5.513980897012746,1.0,0,Android,Hyderabad,1,1,0,2561.4542857142856,561.27,14123.81,7,1,-1,1,0.09439016487735619,2026-09-15 19:00:00,0,0,20,30,0,15,10,0,0,75,High,1,4,"(70.0, 80.0]",60,1,60,1,High
TXN_006285,2026-09-17 22:38:42.793653,USER_0638,USER_0259,3781.4,Healthcare,P2P,Hyderabad,iOS,Other,22,3,0,0,6.482248984968702,0.0,0,Web,Delhi,1,1,0,583.3469230769231,347.82,3781.4,13,1,-1,1,0.0004121181176172106,2026-09-17 22:00:00,0,0,20,30,0,15,10,0,0,75,High,1,4,"(70.0, 80.0]",60,1,60,1,High
TXN_003632,2026-09-16 02:25:42.793653,USER_0662,USER_0438,2877.43,Shopping,P2P,Jaipur,Android,Other,2,2,0,1,2.6629111995839185,0.0,0,Web,Jaipur,1,0,0,1080.558,828.7,3830.59,15,1,-1,1,0.030012857191585973,2026-09-16 02:00:00,0,0,20,30,0,15,0,5,0,70,High,1,4,"(60.0, 70.0]",60,1,60,1,High
TXN_003108,2026-09-15 17:41:42.793653,USER_0554,USER_0257,3151.78,Travel,P2P,Chennai,iOS,PhonePe,17,1,0,0,4.6285632046617815,1.0,0,Web,Jaipur,1,1,0,680.9413333333334,459.32,3151.78,15,1,-1,1,0.02084857389695083,2026-09-15 17:00:00,0,0,20,30,0,15,10,0,0,75,High,1,4,"(70.0, 80.0]",60,1,60,1,High
TXN_008081,2026-09-19 04:34:42.793653,USER_0556,USER_0577,2705.14,Education,P2M,Mumbai,Android,Google Pay,4,5,1,1,2.215981154310202,0.0,0,Android,Bangalore,0,1,0,1220.7414285714287,715.435,3250.04,14,1,-1,1,0.02074852557011364,2026-09-19 04:00:00,0,0,20,30,0,0,10,5,0,65,High,1,4,"(60.0, 70.0]",60,1,60,1,High
TXN_009902,2026-09-20 10:55:42.793653,USER_0556,USER_0802,3250.04,Food,P2P,Hyderabad,Web,PhonePe,10,6,1,0,2.662349228045251,1.0,0,Android,Chennai,1,1,0,1220.7414285714287,715.435,3250.04,14,1,-1,1,0.020799902463679576,2026-09-20 10:00:00,0,0,20,30,0,15,10,0,0,75,High,1,4,"(70.0, 80.0]",60,1,60,1,High
TXN_002089,2026-09-15 00:42:42.793653,USER_0665,USER_0465,3064.32,Entertainment,P2P,Hyderabad,iOS,Paytm,0,1,0,1,4.631967821464148,0.0,0,iOS,Mumbai,0,1,0,661.559,150.70499999999998,3064.32,10,1,-1,1,0.02766838636007829,2026-09-15 00:00:00,0,0,20,30,0,0,10,5,0,65,High,1,4,"(60.0, 70.0]",60,1,60,1,High
TXN_009179,2026-09-19 22:52:42.793653,USER_0568,USER_0838,5737.24,Bills,P2P,Chennai,iOS,BHIM,22,5,1,0,4.079470622480769,0.0,0,Web,Bangalore,1,1,0,1406.3687499999999,839.895,5737.24,8,1,-1,1,0.036932189664045434,2026-09-19 22:00:00,0,0,20,30,0,15,10,0,0,75,High,1,4,"(70.0, 80.0]",60,1,60,1,High
TXN_004047,2026-09-16 09:20:42.793653,USER_0680,USER_0047,174.69,Shopping,P2P,Kolkata,Web,Paytm,9,2,0,0,0.14883489768967526,11.0,0,,,0,0,1,1173.7166666666667,609.8199999999999,4009.35,6,0,-1,1,0.05258719001433876,2026-09-16 09:00:00,0,1,0,30,20,0,0,0,0,50,Medium,1,2,"(40.0, 50.0]",60,1,60,1,High
TXN_007314,2026-09-18 15:47:42.793653,USER_0687,USER_0849,6474.78,Food,P2P,Jaipur,Web,Google Pay,15,4,0,0,6.12889353602754,0.0,0,Android,Hyderabad,1,1,1,1056.4353846153847,433.36,6474.78,13,1,-1,1,0.034408071671692464,2026-09-18 15:00:00,0,0,20,30,0,15,10,0,0,75,High,1,4,"(70.0, 80.0]",60,1,60,1,High
TXN_000799,2026-09-14 03:12:42.793653,USER_0564,USER_0344,3042.27,Entertainment,P2M,Pune,Android,Other,3,0,0,1,1.8904682128769104,0.0,0,iOS,Pune,1,0,0,1609.268,1143.395,4956.31,10,1,-1,1,0.022384801836106805,2026-09-14 03:00:00,0,0,20,30,0,15,0,5,0,70,High,1,4,"(60.0, 70.0]",60,1,60,1,High
TXN_005222,2026-09-17 04:55:42.793653,USER_0558,USER_0509,1890.07,Education,P2P,Jaipur,Android,BHIM,4,3,0,1,2.143158668861042,0.0,0,iOS,Jaipur,1,0,0,881.9085714285713,817.39,1890.07,14,1,-1,1,0.00403894768423696,2026-09-17 04:00:00,0,0,20,30,0,15,0,5,0,70,High,1,4,"(60.0, 70.0]",60,1,60,1,High
TXN_003524,2026-09-16 00:37:42.793653,USER_0563,USER_0484,8896.65,Travel,P2P,Chennai,Web,BHIM,0,2,0,1,8.834624142653844,0.0,0,Web,Bangalore,0,1,0,1007.0207692307692,222.5,8896.65,13,1,-1,1,0.1082145998668268,2026-09-16 00:00:00,0,0,20,30,0,0,10,5,0,65,High,1,4,"(60.0, 70.0]",60,1,60,1,High
TXN_003844,2026-09-16 05:57:42.793653,USER_0630,USER_0960,2628.78,Healthcare,P2M,Hyderabad,iOS,PhonePe,5,2,0,1,1.6049599794860523,0.0,0,Android,Hyderabad,1,0,0,1637.91,770.92,9459.99,13,1,-1,1,0.0006311104904259679,2026-09-16 05:00:00,0,0,20,30,0,15,0,5,0,70,High,1,4,"(60.0, 70.0]",60,1,60,1,High
TXN_003192,2026-09-15 19:05:42.793653,USER_0980,USER_0409,3648.86,Bills,P2M,Kolkata,Android,Google Pay,19,1,0,0,4.166278453725018,1.0,0,iOS,Jaipur,1,1,0,875.808,517.025,3648.86,10,1,-1,1,0.01840415916776894,2026-09-15 19:00:00,0,0,20,30,0,15,10,0,0,75,High,1,4,"(70.0, 80.0]",60,1,60,1,High
TXN_005228,2026-09-17 05:01:42.793653,USER_0982,USER_0843,1745.0,Bills,P2M,Bangalore,iOS,PhonePe,5,3,0,1,2.8417996979061066,1.0,0,iOS,Hyderabad,0,1,0,614.0475,350.755,1745.0,8,1,-1,1,0.02245654364154226,2026-09-17 05:00:00,0,0,20,30,0,0,10,5,0,65,High,1,4,"(60.0, 70.0]",60,1,60,1,High
TXN_001581,2026-09-14 16:14:42.793653,USER_0622,USER_0566,936.98,Healthcare,P2M,Pune,Android,BHIM,16,0,0,0,1.3013775426457406,16.0,0,,,0,0,1,719.9909090909091,581.24,3044.52,11,0,-1,1,0.0690405460557435,2026-09-14 16:00:00,0,1,0,30,20,0,0,0,0,50,Medium,1,2,"(40.0, 50.0]",60,1,60,1,High
TXN_009423,2026-09-20 02:56:42.793653,USER_0608,USER_0237,3563.06,Entertainment,P2P,Hyderabad,Web,Google Pay,2,6,1,1,3.8089804761412673,0.0,0,Web,Kolkata,0,1,0,935.4366666666666,653.1600000000001,3563.06,12,1,-1,1,0.0639669992310462,2026-09-20 02:00:00,0,0,20,30,0,0,10,5,0,65,High,1,4,"(60.0, 70.0]",60,1,60,1,High
TXN_006572,2026-09-18 03:25:42.793653,USER_0622,USER_0050,3044.52,Food,P2P,Hyderabad,iOS,Google Pay,3,4,0,1,4.228553390825642,0.0,0,iOS,Delhi,0,1,0,719.9909090909091,581.24,3044.52,11,1,-1,1,0.02262421082694921,2026-09-18 03:00:00,0,0,20,30,0,0,10,5,0,65,High,1,4,"(60.0, 70.0]",60,1,60,1,High
TXN_003730,2026-09-16 04:03:42.793653,USER_0623,USER_0208,2583.06,Healthcare,P2P,Kolkata,Android,Google Pay,4,2,0,1,2.436328777130784,0.0,0,iOS,Kolkata,1,0,0,1060.2263636363637,773.12,3294.63,11,1,-1,1,0.019667951316369003,2026-09-16 04:00:00,0,0,20,30,0,15,0,5,0,70,High,1,4,"(60.0, 70.0]",60,1,60,1,High
TXN_009481,2026-09-20 03:54:42.793653,USER_0579,USER_0415,2147.99,Entertainment,P2M,Kolkata,iOS,PhonePe,3,6,1,1,2.7968437705483686,0.0,0,iOS,Jaipur,0,1,0,768.005,502.27500000000003,2147.99,8,1,-1,1,0.01855736783119255,2026-09-20 03:00:00,0,0,20,30,0,0,10,5,0,65,High,1,4,"(60.0, 70.0]",60,1,60,1,High
TXN_002198,2026-09-15 02:31:42.793653,USER_0975,USER_0624,18089.48,Shopping,P2P,Pune,Android,Google Pay,2,1,0,1,8.294604958656464,0.0,0,Android,Jaipur,0,1,1,2180.873,358.65,18089.48,10,1,-1,1,0.12044860734458218,2026-09-15 02:00:00,0,0,20,30,0,0,10,5,0,65,High,1,4,"(60.0, 70.0]",60,1,60,1,High
TXN_008164,2026-09-19 05:57:42.793653,USER_0947,USER_0943,1758.77,Grocery,P2M,Kolkata,Web,PhonePe,5,5,1,1,2.7401947132565883,0.0,0,Web,Jaipur,0,1,0,641.84125,466.28,1843.43,16,1,-1,1,0.006053341703723958,2026-09-19 05:00:00,0,0,20,30,0,0,10,5,0,65,High,1,4,"(60.0, 70.0]",60,1,60,1,High
TXN_002359,2026-09-15 05:12:42.793653,USER_0977,USER_0227,5911.51,Healthcare,P2M,Kolkata,iOS,BHIM,5,1,0,1,5.09776081353623,0.0,0,iOS,Jaipur,0,1,0,1159.6287499999999,549.8499999999999,5911.51,8,1,-1,1,0.07385364383707349,2026-09-15 05:00:00,0,0,20,30,0,0,10,5,0,65,High,1,4,"(60.0, 70.0]",60,1,60,1,High
TXN_007172,2026-09-18 13:25:42.793653,USER_0072,USER_0123,5549.29,Travel,P2M,Jaipur,iOS,BHIM,13,4,0,0,5.087301936539019,0.0,0,Android,Hyderabad,1,1,0,1090.812,407.1,5549.29,10,1,-1,1,0.007010991947678291,2026-09-18 13:00:00,0,0,20,30,0,15,10,0,0,75,High,1,4,"(70.0, 80.0]",60,1,60,1,High
TXN_006379,2026-09-18 00:12:42.793653,USER_0073,USER_0898,2813.73,Bills,P2P,Pune,Web,BHIM,0,4,0,1,4.933612340290051,0.0,0,Android,Pune,1,0,0,570.3184210526315,326.71,2813.73,19,1,-1,1,0.05381477054473738,2026-09-18 00:00:00,0,0,20,30,0,15,0,5,0,70,High,1,4,"(60.0, 70.0]",60,1,60,1,High
TXN_006525,2026-09-18 02:38:42.793653,USER_0054,USER_0298,11714.41,Entertainment,P2M,Delhi,iOS,Google Pay,2,4,0,1,6.4228903639912565,0.0,0,iOS,Hyderabad,0,1,1,1823.8533333333332,494.64,11714.41,12,1,-1,1,0.1044616255565669,2026-09-18 02:00:00,0,0,20,30,0,0,10,5,0,65,High,1,4,"(60.0, 70.0]",60,1,60,1,High
TXN_006446,2026-09-18 01:19:42.793653,USER_0040,USER_0915,2842.76,Education,P2M,Pune,Android,PhonePe,1,4,0,1,3.2655546225341143,0.0,0,iOS,Pune,1,0,0,870.5290000000001,682.765,2842.76,10,1,-1,1,0.03397177820838182,2026-09-18 01:00:00,0,0,20,30,0,15,0,5,0,70,High,1,4,"(60.0, 70.0]",60,1,60,1,High
TXN_000882,2026-09-14 04:35:42.793653,USER_0039,USER_0883,2953.29,Grocery,P2P,Bangalore,iOS,Google Pay,4,0,0,1,3.448006316863198,0.0,0,iOS,Pune,0,1,0,856.521052631579,502.74,3417.71,19,1,-1,1,0.005043405241662247,2026-09-14 04:00:00,0,0,20,30,0,0,10,5,0,65,High,1,4,"(60.0, 70.0]",60,1,60,1,High
TXN_001219,2026-09-14 10:12:42.793653,USER_0028,USER_0198,6911.12,Bills,P2M,Jaipur,iOS,BHIM,10,0,0,0,5.084414246804671,0.0,0,Web,Bangalore,1,1,0,1359.2755555555555,292.35,6911.12,9,1,-1,1,0.017092445534811485,2026-09-14 10:00:00,0,0,20,30,0,15,10,0,0,75,High,1,4,"(70.0, 80.0]",60,1,60,1,High
TXN_008204,2026-09-19 06:37:42.793653,USER_0026,USER_0490,2721.56,Bills,P2M,Kolkata,Web,Paytm,6,5,1,0,4.436247162714502,0.0,0,Android,Kolkata,1,0,0,613.4825000000001,288.44,2721.56,8,1,-1,1,0.055967288323937936,2026-09-19 06:00:00,0,0,20,30,0,15,0,0,0,65,High,1,3,"(60.0, 70.0]",55,1,55,1,High
TXN_008696,2026-09-19 14:49:42.793653,USER_0037,USER_0814,3852.18,Shopping,P2P,Mumbai,Android,Paytm,14,5,1,0,4.53225196041328,0.0,0,Android,Bangalore,0,1,0,849.9483333333333,243.965,3852.18,6,1,-1,1,0.05772097698095113,2026-09-19 14:00:00,0,0,20,30,0,0,10,0,0,60,High,1,3,"(50.0, 60.0]",55,1,55,1,High
TXN_002199,2026-09-15 02:32:42.793653,USER_0038,USER_0952,3567.22,Food,P2P,Mumbai,iOS,PhonePe,2,1,0,1,2.688376334402237,0.0,0,iOS,Mumbai,0,0,0,1326.905,1084.3200000000002,3567.22,6,1,-1,1,0.04059648995413745,2026-09-15 02:00:00,0,0,20,30,0,0,0,5,0,55,Medium,1,3,"(50.0, 60.0]",55,1,55,1,High
TXN_009661,2026-09-20 06:54:42.793653,USER_0046,USER_0082,8042.41,Bills,P2P,Bangalore,Web,Other,6,6,1,0,4.967341662696102,0.0,0,iOS,Bangalore,1,0,1,1619.0571428571427,423.65,8042.41,7,1,-1,1,0.11030746907906341,2026-09-20 06:00:00,0,0,20,30,0,15,0,0,0,65,High,1,3,"(60.0, 70.0]",55,1,55,1,High
TXN_000778,2026-09-14 02:51:42.793653,USER_0062,USER_0330,4384.22,Grocery,P2M,Mumbai,Web,BHIM,2,0,0,1,3.7975163779886763,0.0,0,,,0,0,1,1154.4966666666667,491.92499999999995,4384.22,6,1,-1,1,0.06201069727278219,2026-09-14 02:00:00,0,0,20,30,0,0,0,5,0,55,Medium,1,3,"(50.0, 60.0]",55,1,55,1,High
TXN_008232,2026-09-19 07:05:42.793653,USER_0942,USER_0628,28236.8,Shopping,P2P,Jaipur,Web,BHIM,7,5,1,0,7.151618578991664,0.0,0,iOS,Jaipur,1,0,1,3948.3089999999997,864.0899999999999,28236.8,10,1,-1,1,0.13914186025468478,2026-09-19 07:00:00,0,0,20,30,0,15,0,0,0,65,High,1,3,"(60.0, 70.0]",55,1,55,1,High
TXN_009701,2026-09-20 07:34:42.793653,USER_0068,USER_0677,3118.06,Entertainment,P2M,Hyderabad,Android,PhonePe,7,6,1,0,4.272563671575255,0.0,0,Android,Chennai,0,1,0,729.7866666666666,335.68,3118.06,9,1,-1,1,0.03894410134322579,2026-09-20 07:00:00,0,0,20,30,0,0,10,0,0,60,High,1,3,"(50.0, 60.0]",55,1,55,1,High
TXN_002099,2026-09-15 00:52:42.793653,USER_0964,USER_0667,2890.42,Travel,P2M,Pune,iOS,Other,0,1,0,1,3.7349235679489334,0.0,0,,,0,0,0,773.89,588.72,2890.42,7,1,-1,1,0.04087439318602182,2026-09-15 00:00:00,0,0,20,30,0,0,0,5,0,55,Medium,1,3,"(50.0, 60.0]",55,1,55,1,High
TXN_007329,2026-09-18 16:02:42.793653,USER_0601,USER_0471,5600.57,Travel,P2P,Bangalore,iOS,Paytm,16,4,0,0,5.870948129012936,0.0,0,iOS,Delhi,0,1,0,953.9464285714284,259.71,5600.57,14,1,-1,1,0.060014870874949056,2026-09-18 16:00:00,0,0,20,30,0,0,10,0,0,60,High,1,3,"(50.0, 60.0]",55,1,55,1,High
TXN_009882,2026-09-20 10:35:42.793653,USER_0981,USER_0363,2797.24,Travel,P2M,Hyderabad,iOS,Google Pay,10,6,1,0,6.068388002713747,0.0,0,iOS,Bangalore,0,1,0,460.95272727272726,189.1,2797.24,11,1,-1,1,0.05179411986189575,2026-09-20 10:00:00,0,0,20,30,0,0,10,0,0,60,High,1,3,"(50.0, 60.0]",55,1,55,1,High
TXN_006799,2026-09-18 07:12:42.793653,USER_0968,USER_0355,6515.06,Healthcare,P2M,Jaipur,Android,Other,7,4,0,0,5.397559164355727,0.0,0,Web,Jaipur,1,0,0,1207.0381818181818,456.24,6515.06,11,1,-1,1,0.08190059757481272,2026-09-18 07:00:00,0,0,20,30,0,15,0,0,0,65,High,1,3,"(60.0, 70.0]",55,1,55,1,High
TXN_008087,2026-09-19 04:40:42.793653,USER_0610,USER_0985,6366.32,Education,P2M,Pune,iOS,Paytm,4,5,1,1,5.4869415889008355,0.0,0,iOS,Pune,0,0,0,1160.2675,443.07,6366.32,16,1,-1,1,0.1281682283510429,2026-09-19 04:00:00,0,0,20,30,0,0,0,5,0,55,Medium,1,3,"(50.0, 60.0]",55,1,55,1,High
TXN_008774,2026-09-19 16:07:42.793653,USER_0589,USER_0480,2598.25,Food,P2M,Mumbai,Web,Google Pay,16,5,1,0,3.7636487946763544,1.0,0,Web,Hyderabad,0,1,0,690.354,513.47,2598.25,10,1,-1,1,0.05968968152332932,2026-09-19 16:00:00,0,0,20,30,0,0,10,0,0,60,High,1,3,"(50.0, 60.0]",55,1,55,1,High
TXN_005455,2026-09-17 08:48:42.793653,USER_0620,USER_0478,2442.42,Education,P2P,Mumbai,Android,Other,8,3,0,0,3.100059459823613,1.0,0,iOS,Mumbai,1,0,0,787.8623076923076,353.28,2442.42,13,1,-1,1,0.03950032188982433,2026-09-17 08:00:00,0,0,20,30,0,15,0,0,0,65,High,1,3,"(60.0, 70.0]",55,1,55,1,High
TXN_002715,2026-09-15 11:08:42.793653,USER_0605,USER_0778,3719.54,Shopping,P2P,Mumbai,Android,Other,11,1,0,0,5.56865715885511,0.0,0,iOS,Mumbai,1,0,0,667.942,248.625,3719.54,10,1,-1,1,0.051256495198309215,2026-09-15 11:00:00,0,0,20,30,0,15,0,0,0,65,High,1,3,"(60.0, 70.0]",55,1,55,1,High
TXN_004805,2026-09-16 21:58:42.793653,USER_0613,USER_0270,8354.8,Bills,P2M,Chennai,Web,BHIM,21,2,0,0,5.722051786493186,0.0,0,Web,Bangalore,0,1,1,1460.105625,866.7950000000001,8354.8,16,1,-1,1,0.07558665567667466,2026-09-16 21:00:00,0,0,20,30,0,0,10,0,0,60,High,1,3,"(50.0, 60.0]",55,1,55,1,High
TXN_000524,2026-09-13 22:37:42.793653,USER_0477,USER_0684,2272.6,Grocery,P2P,Mumbai,Web,Google Pay,22,6,1,0,1.924276455908278,1.0,0,Web,Chennai,0,1,0,1181.0153333333333,777.53,6053.92,15,1,-1,1,0.019397374537212797,2026-09-13 22:00:00,0,0,20,30,0,0,10,0,0,60,High,1,3,"(50.0, 60.0]",55,1,55,1,High
TXN_006136,2026-09-17 20:09:42.793653,USER_0549,USER_0879,4838.52,Food,P2M,Mumbai,iOS,Google Pay,20,3,0,0,4.559064540546314,0.0,0,iOS,Hyderabad,0,1,1,1061.2966666666666,204.11,4838.52,9,1,-1,1,0.026385652164476525,2026-09-17 20:00:00,0,0,20,30,0,0,10,0,0,60,High,1,3,"(50.0, 60.0]",55,1,55,1,High
TXN_008939,2026-09-19 18:52:42.793653,USER_0669,USER_0412,3398.97,Travel,P2M,Chennai,iOS,Paytm,18,5,1,0,3.59146451708341,0.0,0,iOS,Delhi,0,1,0,946.4022222222223,675.22,3398.97,9,1,-1,1,0.03666089804273187,2026-09-19 18:00:00,0,0,20,30,0,0,10,0,0,60,High,1,3,"(50.0, 60.0]",55,1,55,1,High
TXN_009169,2026-09-19 22:42:42.793653,USER_0550,USER_0359,2961.65,Grocery,P2M,Mumbai,iOS,Other,22,5,1,0,3.371597754387791,0.0,0,Web,Mumbai,1,0,0,878.4114285714286,634.875,2961.65,14,1,-1,1,0.04092067302824787,2026-09-19 22:00:00,0,0,20,30,0,15,0,0,0,65,High,1,3,"(60.0, 70.0]",55,1,55,1,High
TXN_009601,2026-09-20 05:54:42.793653,USER_0557,USER_0973,3991.03,Education,P2P,Hyderabad,Android,Paytm,5,6,1,1,4.579719654538949,0.0,0,Android,Hyderabad,0,0,0,871.4572727272728,609.14,3991.03,11,1,-1,1,0.10399791448995965,2026-09-20 05:00:00,0,0,20,30,0,0,0,5,0,55,Medium,1,3,"(50.0, 60.0]",55,1,55,1,High
TXN_003017,2026-09-15 16:10:42.793653,USER_0559,USER_0913,10585.21,Bills,P2P,Bangalore,Android,Other,16,1,0,0,8.262044315212266,0.0,0,Android,Chennai,0,1,1,1281.1853333333333,366.88,10585.21,15,1,-1,1,0.09626376768283385,2026-09-15 16:00:00,0,0,20,30,0,0,10,0,0,60,High,1,3,"(50.0, 60.0]",55,1,55,1,High
TXN_000816,2026-09-14 03:29:42.793653,USER_0569,USER_0871,2428.69,Shopping,P2P,Kolkata,Android,PhonePe,3,0,0,1,4.207837209201596,0.0,0,,,0,0,0,577.1825,358.24,2428.69,8,1,-1,1,0.04317032903364648,2026-09-14 03:00:00,0,0,20,30,0,0,0,5,0,55,Medium,1,3,"(50.0, 60.0]",55,1,55,1,High
TXN_006853,2026-09-18 08:06:42.793653,USER_0631,USER_0670,3016.89,Shopping,P2M,Bangalore,Web,PhonePe,8,4,0,0,3.576475038555175,1.0,0,Web,Mumbai,0,1,0,843.5372727272727,708.11,3016.89,11,1,-1,1,0.03099883931735803,2026-09-18 08:00:00,0,0,20,30,0,0,10,0,0,60,High,1,3,"(50.0, 60.0]",55,1,55,1,High
TXN_003317,2026-09-15 21:10:42.793653,USER_0653,USER_0532,3131.5,Grocery,P2M,Bangalore,Android,Other,21,1,0,0,4.616329932939152,1.0,0,Android,Hyderabad,0,1,0,678.3527272727273,353.81,3131.5,11,1,-1,1,0.05100975025911847,2026-09-15 21:00:00,0,0,20,30,0,0,10,0,0,60,High,1,3,"(50.0, 60.0]",55,1,55,1,High
TXN_003919,2026-09-16 07:12:42.793653,USER_0596,USER_0570,8739.3,Food,P2M,Hyderabad,Android,Paytm,7,2,0,0,6.932156200176094,1.0,0,Android,Mumbai,0,1,0,1260.6899999999998,353.3,8739.3,13,1,-1,1,0.11860401204950044,2026-09-16 07:00:00,0,0,20,30,0,0,10,0,0,60,High,1,3,"(50.0, 60.0]",55,1,55,1,High
TXN_005836,2026-09-17 15:09:42.793653,USER_0592,USER_0751,55488.55,Travel,P2M,Jaipur,iOS,Google Pay,15,3,0,0,5.733959640783719,0.0,0,iOS,Delhi,0,1,1,9677.178333333335,524.705,55488.55,6,1,-1,1,0.09983445060641993,2026-09-17 15:00:00,0,0,20,30,0,0,10,0,0,60,High,1,3,"(50.0, 60.0]",55,1,55,1,High
TXN_001538,2026-09-14 15:31:42.793653,USER_0023,USER_0495,4929.35,Travel,P2P,Pune,Web,BHIM,15,0,0,0,4.4213927654054395,0.0,0,iOS,Pune,1,0,0,1114.88625,426.69,4929.35,8,1,-1,1,0.0547639803114105,2026-09-14 15:00:00,0,0,20,30,0,15,0,0,0,65,High,1,3,"(60.0, 70.0]",55,1,55,1,High
TXN_002275,2026-09-15 03:48:42.793653,USER_0989,USER_0684,2080.05,Food,P2M,Jaipur,Android,PhonePe,3,1,0,1,3.2078321216126904,0.0,0,,,0,0,0,648.4285714285714,285.87,2080.05,7,1,-1,1,0.025199013725568764,2026-09-15 03:00:00,0,0,20,30,0,0,0,5,0,55,Medium,1,3,"(50.0, 60.0]",55,1,55,1,High
TXN_008048,2026-09-19 04:01:42.793653,USER_0929,USER_0987,1798.36,Bills,P2M,Bangalore,iOS,BHIM,4,5,1,1,2.1418481950382904,0.0,0,iOS,Bangalore,0,0,0,839.63,494.95,3136.21,21,1,-1,1,0.042600437440407424,2026-09-19 04:00:00,0,0,20,30,0,0,0,5,0,55,Medium,1,3,"(50.0, 60.0]",55,1,55,1,High
TXN_000614,2026-09-14 00:07:42.793653,USER_0908,USER_0906,2195.0,Entertainment,P2P,Delhi,iOS,Paytm,0,0,0,1,2.1742288668916285,0.0,0,,,0,0,0,1009.5533333333333,701.13,2195.0,6,1,-1,1,0.006978316827061626,2026-09-14 00:00:00,0,0,20,30,0,0,0,5,0,55,Medium,1,3,"(50.0, 60.0]",55,1,55,1,High
TXN_007422,2026-09-18 17:35:42.793653,USER_0890,USER_0043,2518.4,Shopping,P2P,Delhi,iOS,Google Pay,17,4,0,0,3.5447656153231164,1.0,0,iOS,Mumbai,0,1,0,710.456,361.685,2518.4,10,1,-1,1,0.012894057306127804,2026-09-18 17:00:00,0,0,20,30,0,0,10,0,0,60,High,1,3,"(50.0, 60.0]",55,1,55,1,High
TXN_001783,2026-09-14 19:36:42.793653,USER_0905,USER_0236,5750.28,Healthcare,P2P,Kolkata,iOS,BHIM,19,0,0,0,4.7214713851711965,0.0,0,iOS,Mumbai,0,1,0,1217.8999999999999,187.68,5750.28,11,1,-1,1,0.04413394104598212,2026-09-14 19:00:00,0,0,20,30,0,0,10,0,0,60,High,1,3,"(50.0, 60.0]",55,1,55,1,High
TXN_006815,2026-09-18 07:28:42.793653,USER_0144,USER_0518,6818.02,Education,P2P,Delhi,iOS,Paytm,7,4,0,0,7.17760250491968,0.0,0,iOS,Bangalore,0,1,0,949.902142857143,391.36,6818.02,14,1,-1,1,0.07927971846624249,2026-09-18 07:00:00,0,0,20,30,0,0,10,0,0,60,High,1,3,"(50.0, 60.0]",55,1,55,1,High
TXN_009152,2026-09-19 22:25:42.793653,USER_0001,USER_0590,2385.88,Travel,P2M,Pune,Android,PhonePe,22,5,1,0,4.54351104334858,0.0,0,iOS,Pune,1,0,1,525.118125,299.97,2385.88,16,1,-1,1,0.04936226167271163,2026-09-19 22:00:00,0,0,20,30,0,15,0,0,0,65,High,1,3,"(60.0, 70.0]",55,1,55,1,High
TXN_001524,2026-09-14 15:17:42.793653,USER_0932,USER_0970,3285.95,Grocery,P2P,Pune,Web,Other,15,0,0,0,3.559261755467029,0.0,0,Android,Pune,1,0,0,923.2111111111111,493.09,3285.95,9,1,-1,1,0.012389339534769062,2026-09-14 15:00:00,0,0,20,30,0,15,0,0,0,65,High,1,3,"(60.0, 70.0]",55,1,55,1,High
TXN_004189,2026-09-16 11:42:42.793653,USER_0986,USER_0666,4113.6,Bills,P2P,Kolkata,iOS,PhonePe,11,2,0,0,5.378571581397229,0.0,0,iOS,Jaipur,0,1,0,764.8127272727273,346.23,4113.6,11,1,-1,1,0.03477608419006284,2026-09-16 11:00:00,0,0,20,30,0,0,10,0,0,60,High,1,3,"(50.0, 60.0]",55,1,55,1,High
TXN_008802,2026-09-19 16:35:42.793653,USER_0885,USER_0635,2250.88,Food,P2P,Pune,iOS,PhonePe,16,5,1,0,3.2046561822836135,0.0,0,Web,Pune,1,0,0,702.378,306.1,2250.88,10,1,-1,1,0.020753443920234482,2026-09-19 16:00:00,0,0,20,30,0,15,0,0,0,65,High,1,3,"(60.0, 70.0]",55,1,55,1,High
TXN_001629,2026-09-14 17:02:42.793653,USER_0710,USER_0016,12613.04,Entertainment,P2M,Mumbai,iOS,Other,17,0,0,0,7.820510377955658,0.0,0,iOS,Jaipur,0,1,1,1612.8154545454547,237.96,12613.04,11,1,-1,1,0.09858238862116742,2026-09-14 17:00:00,0,0,20,30,0,0,10,0,0,60,High,1,3,"(50.0, 60.0]",55,1,55,1,High
TXN_000283,2026-09-13 18:36:42.793653,USER_0699,USER_0988,2475.03,Shopping,P2P,Jaipur,Android,BHIM,18,6,1,0,3.661453083670463,0.0,0,Android,Bangalore,0,1,0,675.9693333333333,328.34,2475.03,15,1,-1,1,0.012493490940538421,2026-09-13 18:00:00,0,0,20,30,0,0,10,0,0,60,High,1,3,"(50.0, 60.0]",55,1,55,1,High
TXN_006163,2026-09-17 20:36:42.793653,USER_0698,USER_0759,2794.09,Bills,P2M,Mumbai,Android,Google Pay,20,3,0,0,5.549268529074133,0.0,1,Android,Jaipur,0,1,0,503.50600000000003,198.26,2794.09,10,1,-1,1,0.0752747828559589,2026-09-17 20:00:00,0,0,20,30,0,0,10,0,0,60,High,1,3,"(50.0, 60.0]",55,1,55,1,High
TXN_009003,2026-09-19 19:56:42.793653,USER_0691,USER_0567,4493.49,Healthcare,P2M,Bangalore,Android,Paytm,19,5,1,0,5.007264552087387,0.0,0,Android,Jaipur,0,1,0,897.3941666666666,463.40999999999997,4493.49,12,1,-1,1,0.0704375338367349,2026-09-19 19:00:00,0,0,20,30,0,0,10,0,0,60,High,1,3,"(50.0, 60.0]",55,1,55,1,High
TXN_000756,2026-09-14 02:29:42.793653,USER_0689,USER_0681,4354.69,Entertainment,P2M,Mumbai,Android,Paytm,2,0,0,1,5.304473697032694,0.0,0,,,0,0,0,820.9466666666666,289.77,4354.69,9,1,-1,1,0.08688555430839495,2026-09-14 02:00:00,0,0,20,30,0,0,0,5,0,55,Medium,1,3,"(50.0, 60.0]",55,1,55,1,High
TXN_003008,2026-09-15 16:01:42.793653,USER_0452,USER_0866,2893.26,Food,P2M,Mumbai,Android,Google Pay,16,1,0,0,4.539657634192648,0.0,0,iOS,Mumbai,1,0,0,637.33,291.1,2893.26,11,1,-1,1,0.021399452909993122,2026-09-15 16:00:00,0,0,20,30,0,15,0,0,0,65,High,1,3,"(60.0, 70.0]",55,1,55,1,High
TXN_003296,2026-09-15 20:49:42.793653,USER_0483,USER_0383,6382.69,Grocery,P2M,Jaipur,Web,Other,20,1,0,0,6.192900130632938,0.0,0,Web,Kolkata,0,1,1,1030.6463636363637,622.15,6382.69,11,1,-1,1,0.0700414927659252,2026-09-15 20:00:00,0,0,20,30,0,0,10,0,0,60,High,1,3,"(50.0, 60.0]",55,1,55,1,High
TXN_007728,2026-09-18 22:41:42.793653,USER_0530,USER_0165,5240.96,Entertainment,P2M,Hyderabad,iOS,BHIM,22,4,0,0,6.105326717852188,0.0,0,Web,Hyderabad,1,0,0,858.4241666666667,315.61,5240.96,12,1,-1,1,0.07888576181646534,2026-09-18 22:00:00,0,0,20,30,0,15,0,0,0,65,High,1,3,"(60.0, 70.0]",55,1,55,1,High
TXN_009971,2026-09-20 12:04:42.793653,USER_0402,USER_0955,3126.11,Travel,P2M,Mumbai,Android,Paytm,12,6,1,0,3.7725564023194496,0.0,0,iOS,Mumbai,1,0,0,828.645,192.3,3126.11,8,1,-1,1,0.05403170708521454,2026-09-20 12:00:00,0,0,20,30,0,15,0,0,0,65,High,1,3,"(60.0, 70.0]",55,1,55,1,High
TXN_004482,2026-09-16 16:35:42.793653,USER_0318,USER_0815,31930.57,Travel,P2P,Pune,iOS,Google Pay,16,2,0,0,11.970688644403696,0.0,0,iOS,Jaipur,0,1,1,2667.39625,543.635,31930.57,16,1,-1,1,0.12232729410591425,2026-09-16 16:00:00,0,0,20,30,0,0,10,0,0,60,High,1,3,"(50.0, 60.0]",55,1,55,1,High
TXN_005775,2026-09-17 14:08:42.793653,USER_0340,USER_0182,12880.29,Entertainment,P2P,Jaipur,Android,Google Pay,14,3,0,0,9.07017963903188,0.0,0,iOS,Jaipur,1,0,1,1420.07,299.205,12880.29,12,1,-1,1,0.11697025009158679,2026-09-17 14:00:00,0,0,20,30,0,15,0,0,0,65,High,1,3,"(60.0, 70.0]",55,1,55,1,High
TXN_002050,2026-09-15 00:03:42.793653,USER_0781,USER_0931,6352.73,Bills,P2P,Pune,Web,Other,0,1,0,1,5.352474801820865,0.0,0,,,0,0,0,1186.8771428571429,776.8900000000001,6352.73,14,1,-1,1,0.10252048143018444,2026-09-15 00:00:00,0,0,20,30,0,0,0,5,0,55,Medium,1,3,"(50.0, 60.0]",55,1,55,1,High
TXN_008755,2026-09-19 15:48:42.793653,USER_0435,USER_0138,2434.08,Grocery,P2P,Bangalore,Web,Paytm,15,5,1,0,4.109430677267715,0.0,0,Web,Hyderabad,0,1,0,592.315625,411.85,2434.08,16,1,-1,1,0.01644842877013286,2026-09-19 15:00:00,0,0,20,30,0,0,10,0,0,60,High,1,3,"(50.0, 60.0]",55,1,55,1,High
TXN_005316,2026-09-17 06:29:42.793653,USER_0412,USER_0690,2781.94,Entertainment,P2M,Mumbai,Web,PhonePe,6,3,0,0,5.473518294642447,0.0,0,iOS,Mumbai,1,0,1,508.25444444444446,218.37,2781.94,9,1,-1,1,0.03367955012859514,2026-09-17 06:00:00,0,0,20,30,0,15,0,0,0,65,High,1,3,"(60.0, 70.0]",55,1,55,1,High
TXN_009114,2026-09-19 21:47:42.793653,USER_0415,USER_0085,2965.17,Travel,P2P,Jaipur,iOS,Google Pay,21,5,1,0,2.7112462919252467,0.0,0,iOS,Hyderabad,0,1,1,1093.6557142857143,1125.68,2965.17,7,1,-1,1,0.004933790641474034,2026-09-19 21:00:00,0,0,20,30,0,0,10,0,0,60,High,1,3,"(50.0, 60.0]",55,1,55,1,High
TXN_002238,2026-09-15 03:11:42.793653,USER_0353,USER_0333,1972.57,Entertainment,P2M,Kolkata,iOS,Other,3,1,0,1,2.512801350304137,0.0,0,,,0,0,0,785.0083333333333,457.83500000000004,1972.57,6,1,-1,1,0.012775525500319684,2026-09-15 03:00:00,0,0,20,30,0,0,0,5,0,55,Medium,1,3,"(50.0, 60.0]",55,1,55,1,High
TXN_004420,2026-09-16 15:33:42.793653,USER_0406,USER_0441,2815.75,Education,P2P,Delhi,Web,Google Pay,15,2,0,0,1.8046042001505394,1.0,0,iOS,Delhi,1,0,1,1560.3144444444445,429.37,7429.21,9,1,-1,1,0.033210828433471895,2026-09-16 15:00:00,0,0,20,30,0,15,0,0,0,65,High,1,3,"(60.0, 70.0]",55,1,55,1,High
TXN_005534,2026-09-17 10:07:42.793653,USER_0753,USER_0077,4149.11,Education,P2M,Bangalore,Android,PhonePe,10,3,0,0,4.235471258970406,0.0,0,Android,Pune,0,1,0,979.6099999999999,267.54,4149.11,11,1,-1,1,0.011392662566337197,2026-09-17 10:00:00,0,0,20,30,0,0,10,0,0,60,High,1,3,"(50.0, 60.0]",55,1,55,1,High
TXN_000723,2026-09-14 01:56:42.793653,USER_0754,USER_0737,3422.78,Shopping,P2M,Jaipur,iOS,BHIM,1,0,0,1,3.801188294741518,0.0,0,,,0,0,0,900.45,361.51,3422.78,10,1,-1,1,0.0520317379838654,2026-09-14 01:00:00,0,0,20,30,0,0,0,5,0,55,Medium,1,3,"(50.0, 60.0]",55,1,55,1,High
TXN_001216,2026-09-14 10:09:42.793653,USER_0726,USER_0237,4474.83,Healthcare,P2P,Pune,Web,PhonePe,10,0,0,0,6.522112091839067,0.0,0,Web,Mumbai,0,1,0,686.1013636363637,345.78499999999997,4474.83,22,1,-1,1,0.0496525219948456,2026-09-14 10:00:00,0,0,20,30,0,0,10,0,0,60,High,1,3,"(50.0, 60.0]",55,1,55,1,High
TXN_009716,2026-09-20 07:49:42.793653,USER_0728,USER_0096,3793.27,Shopping,P2P,Pune,Android,Google Pay,7,6,1,0,2.6341466802079805,0.0,0,iOS,Pune,1,0,0,1440.0375000000001,277.995,7356.32,12,1,-1,1,0.04208081798315022,2026-09-20 07:00:00,0,0,20,30,0,15,0,0,0,65,High,1,3,"(60.0, 70.0]",55,1,55,1,High
TXN_009072,2026-09-19 21:05:42.793653,USER_0387,USER_0766,1833.66,Grocery,P2M,Delhi,Web,Google Pay,21,5,1,0,3.542226278958578,0.0,0,iOS,Delhi,1,0,0,517.6575,407.315,1833.66,16,1,-1,1,0.025609900936731655,2026-09-19 21:00:00,0,0,20,30,0,15,0,0,0,65,High,1,3,"(60.0, 70.0]",55,1,55,1,High
TXN_001574,2026-09-14 16:07:42.793653,USER_0779,USER_0887,5418.19,Healthcare,P2M,Pune,iOS,Google Pay,16,0,0,0,6.220703864995835,0.0,0,Web,Pune,1,0,0,870.993076923077,419.62,5418.19,13,1,-1,1,0.07979979941343196,2026-09-14 16:00:00,0,0,20,30,0,15,0,0,0,65,High,1,3,"(60.0, 70.0]",55,1,55,1,High
TXN_007333,2026-09-18 16:06:42.793653,USER_0378,USER_0090,3692.23,Grocery,P2P,Pune,Android,PhonePe,16,4,0,0,5.046331555164924,0.0,0,Android,Mumbai,0,1,1,731.6661538461539,386.47,3692.23,13,1,-1,1,0.020162472742381365,2026-09-18 16:00:00,0,0,20,30,0,0,10,0,0,60,High,1,3,"(50.0, 60.0]",55,1,55,1,High
TXN_008953,2026-09-19 19:06:42.793653,USER_0130,USER_0866,6076.96,Shopping,P2M,Pune,iOS,BHIM,19,5,1,0,7.437861063593271,1.0,0,iOS,Mumbai,0,1,0,817.0305882352941,293.87,6076.96,17,1,-1,1,0.12594534137450764,2026-09-19 19:00:00,0,0,20,30,0,0,10,0,0,60,High,1,3,"(50.0, 60.0]",55,1,55,1,High
TXN_006218,2026-09-17 21:31:42.793653,USER_0153,USER_0984,5353.74,Healthcare,P2P,Mumbai,Android,Paytm,21,3,0,0,2.8629587393599745,0.0,0,Web,Mumbai,1,0,1,1870.0024999999998,1539.52,5353.74,8,1,-1,1,0.03278138924472995,2026-09-17 21:00:00,0,0,20,30,0,15,0,0,0,65,High,1,3,"(60.0, 70.0]",55,1,55,1,High
TXN_002664,2026-09-15 10:17:42.793653,USER_0100,USER_0128,3705.46,Healthcare,P2M,Jaipur,Android,BHIM,10,1,0,0,4.2219766196477,0.0,0,Android,Bangalore,0,1,1,877.66,281.9,3705.46,7,1,-1,1,0.004803769750352571,2026-09-15 10:00:00,0,0,20,30,0,0,10,0,0,60,High,1,3,"(50.0, 60.0]",55,1,55,1,High
TXN_004499,2026-09-16 16:52:42.793653,USER_0183,USER_0460,2335.44,Education,P2M,Bangalore,iOS,Other,16,2,0,0,4.199552252033554,0.0,1,iOS,Hyderabad,0,1,0,556.1164285714286,246.635,2335.44,14,1,-1,1,0.039187682111459066,2026-09-16 16:00:00,0,0,20,30,0,0,10,0,0,60,High,1,3,"(50.0, 60.0]",55,1,55,1,High
TXN_004104,2026-09-16 10:17:42.793653,USER_0877,USER_0860,2731.36,Education,P2P,Kolkata,iOS,Other,10,2,0,0,4.021327029170076,0.0,0,Android,Kolkata,1,0,0,679.2185714285714,293.75,2731.36,14,1,-1,1,0.0055338936076831935,2026-09-16 10:00:00,0,0,20,30,0,15,0,0,0,65,High,1,3,"(60.0, 70.0]",55,1,55,1,High
TXN_004397,2026-09-16 15:10:42.793653,USER_0174,USER_0253,19929.6,Healthcare,P2M,Mumbai,Android,Other,15,2,0,0,2.946901477176951,0.0,0,iOS,Mumbai,1,0,1,6762.899999999999,246.6,19929.6,3,1,-1,1,0.06687598043555876,2026-09-16 15:00:00,0,0,20,30,0,15,0,0,0,65,High,1,3,"(60.0, 70.0]",55,1,55,1,High
TXN_000966,2026-09-14 05:59:42.793653,USER_0178,USER_0399,2993.59,Education,P2M,Delhi,Web,PhonePe,5,0,0,1,2.915501925308031,0.0,0,,,0,0,0,1026.78375,562.685,2993.59,8,1,-1,1,0.03608908116836229,2026-09-14 05:00:00,0,0,20,30,0,0,0,5,0,55,Medium,1,3,"(50.0, 60.0]",55,1,55,1,High
TXN_006039,2026-09-17 18:32:42.793653,USER_0166,USER_0207,6094.54,Entertainment,P2P,Pune,iOS,Other,18,3,0,0,4.931246599145159,0.0,0,iOS,Delhi,0,1,0,1235.9025,841.52,6094.54,12,1,-1,1,0.04910221051718755,2026-09-17 18:00:00,0,0,20,30,0,0,10,0,0,60,High,1,3,"(50.0, 60.0]",55,1,55,1,High
TXN_003049,2026-09-15 16:42:42.793653,USER_0167,USER_0089,8909.11,Education,P2P,Hyderabad,Web,Other,16,1,0,0,5.009189116248036,0.0,0,Web,Chennai,0,1,0,1778.5533333333335,351.595,8909.11,6,1,-1,1,0.06285264967236825,2026-09-15 16:00:00,0,0,20,30,0,0,10,0,0,60,High,1,3,"(50.0, 60.0]",55,1,55,1,High
TXN_002738,2026-09-15 11:31:42.793653,USER_0165,USER_0309,7956.89,Food,P2P,Chennai,Android,Google Pay,11,1,0,0,6.78741210661767,0.0,0,Android,Pune,0,1,0,1172.301,278.26,7956.89,10,1,-1,1,0.08299308537624805,2026-09-15 11:00:00,0,0,20,30,0,0,10,0,0,60,High,1,3,"(50.0, 60.0]",55,1,55,1,High
TXN_003879,2026-09-16 06:32:42.793653,USER_0182,USER_0773,4207.69,Travel,P2P,Chennai,Web,Paytm,6,2,0,0,5.538821005104173,0.0,0,Web,Delhi,0,1,0,759.6725,301.51,4207.69,12,1,-1,1,0.0376716362984173,2026-09-16 06:00:00,0,0,20,30,0,0,10,0,0,60,High,1,3,"(50.0, 60.0]",55,1,55,1,High
TXN_004753,2026-09-16 21:06:42.793653,USER_0854,USER_0501,4296.89,Bills,P2P,Chennai,Web,Other,21,2,0,0,3.9986485745925826,0.0,0,Web,Kolkata,0,1,0,1074.5855555555554,683.06,4296.89,9,1,-1,1,0.006180854468724295,2026-09-16 21:00:00,0,0,20,30,0,0,10,0,0,60,High,1,3,"(50.0, 60.0]",55,1,55,1,High
TXN_003164,2026-09-15 18:37:42.793653,USER_0845,USER_0495,2938.45,Shopping,P2M,Kolkata,Web,PhonePe,18,1,0,0,4.955023401696014,0.0,0,Web,Mumbai,0,1,0,593.0244444444444,215.77,2938.45,9,1,-1,1,0.00289619085952586,2026-09-15 18:00:00,0,0,20,30,0,0,10,0,0,60,High,1,3,"(50.0, 60.0]",55,1,55,1,High
TXN_001017,2026-09-14 06:50:42.793653,USER_0827,USER_0054,5452.81,Healthcare,P2P,Chennai,Android,Other,6,0,0,0,3.7141193218584183,0.0,0,Web,Chennai,1,0,1,1468.13,499.02,5452.81,9,1,-1,1,0.04616452770921675,2026-09-14 06:00:00,0,0,20,30,0,15,0,0,0,65,High,1,3,"(60.0, 70.0]",55,1,55,1,High
TXN_005831,2026-09-17 15:04:42.793653,USER_0832,USER_0738,3595.68,Shopping,P2P,Bangalore,iOS,Other,15,3,0,0,4.413797792149297,0.0,0,Android,Bangalore,1,0,1,814.6453846153846,437.59,3595.68,13,1,-1,1,0.03256645629653021,2026-09-17 15:00:00,0,0,20,30,0,15,0,0,0,65,High,1,3,"(60.0, 70.0]",55,1,55,1,High
TXN_004883,2026-09-16 23:16:42.793653,USER_0840,USER_0648,2597.38,Bills,P2M,Bangalore,iOS,Paytm,23,2,0,0,3.1611732784843927,1.0,0,Web,Bangalore,1,0,1,821.650625,534.175,2597.38,16,1,-1,1,0.04468167513084942,2026-09-16 23:00:00,0,0,20,30,0,15,0,0,0,65,High,1,3,"(60.0, 70.0]",55,1,55,1,High
TXN_007546,2026-09-18 19:39:42.793653,USER_0826,USER_0752,31879.57,Travel,P2P,Mumbai,iOS,Paytm,19,4,0,0,7.186080725530441,0.0,0,iOS,Bangalore,0,1,1,4436.294444444445,1054.48,31879.57,9,1,-1,1,0.10678996083230308,2026-09-18 19:00:00,0,0,20,30,0,0,10,0,0,60,High,1,3,"(50.0, 60.0]",55,1,55,1,High
TXN_005744,2026-09-17 13:37:42.793653,USER_0191,USER_0162,6532.78,Travel,P2P,Pune,iOS,BHIM,13,3,0,0,6.476533794965263,0.0,0,iOS,Mumbai,0,1,0,1008.6846153846153,308.61,6532.78,13,1,-1,1,0.07517942922294507,2026-09-17 13:00:00,0,0,20,30,0,0,10,0,0,60,High,1,3,"(50.0, 60.0]",55,1,55,1,High
TXN_009696,2026-09-20 07:29:42.793653,USER_0301,USER_0183,1968.83,Education,P2P,Pune,iOS,PhonePe,7,6,1,0,3.7403419982256056,0.0,0,iOS,Jaipur,0,1,0,526.3770000000001,276.44,1968.83,10,1,-1,1,0.001097970054386943,2026-09-20 07:00:00,0,0,20,30,0,0,10,0,0,60,High,1,3,"(50.0, 60.0]",55,1,55,1,High
TXN_007817,2026-09-19 00:10:42.793653,USER_0224,USER_0494,5620.78,Grocery,P2P,Jaipur,Web,Other,0,5,1,1,5.165398470813115,0.0,0,Web,Jaipur,0,0,0,1088.16,469.3,5620.78,9,1,-1,1,0.1232842342203131,2026-09-19 00:00:00,0,0,20,30,0,0,0,5,0,55,Medium,1,3,"(50.0, 60.0]",55,1,55,1,High
TXN_008577,2026-09-19 12:50:42.793653,USER_0208,USER_0467,2410.74,Entertainment,P2M,Jaipur,Web,BHIM,12,5,1,0,2.06188238690123,0.0,0,Android,Jaipur,1,0,0,1169.19375,966.1399999999999,2445.0,8,1,-1,1,0.001293884132787415,2026-09-19 12:00:00,0,0,20,30,0,15,0,0,0,65,High,1,3,"(60.0, 70.0]",55,1,55,1,High
TXN_002759,2026-09-15 11:52:42.793653,USER_0282,USER_0736,5356.46,Shopping,P2M,Chennai,Android,Google Pay,11,1,0,0,3.83997648610673,0.0,0,Android,Hyderabad,0,1,0,1394.92,437.785,5356.46,8,1,-1,1,0.02474600849183206,2026-09-15 11:00:00,0,0,20,30,0,0,10,0,0,60,High,1,3,"(50.0, 60.0]",55,1,55,1,High
TXN_001917,2026-09-14 21:50:42.793653,USER_0296,USER_0551,1761.31,Shopping,P2M,Delhi,Web,BHIM,21,0,0,0,2.6966570574931863,1.0,0,Android,Delhi,1,0,0,653.1457142857143,511.355,1761.31,14,1,-1,1,0.02433401204813801,2026-09-14 21:00:00,0,0,20,30,0,15,0,0,0,65,High,1,3,"(60.0, 70.0]",55,1,55,1,High
TXN_008247,2026-09-19 07:20:42.793653,USER_0263,USER_0435,2596.38,Entertainment,P2P,Bangalore,Android,Google Pay,7,5,1,0,2.450865134493319,0.0,0,Web,Bangalore,1,0,0,1059.3728571428571,957.2,2596.38,7,1,-1,1,0.015836090687583515,2026-09-19 07:00:00,0,0,20,30,0,15,0,0,0,65,High,1,3,"(60.0, 70.0]",55,1,55,1,High
TXN_009744,2026-09-20 08:17:42.793653,USER_0268,USER_0627,3856.04,Bills,P2P,Mumbai,Web,Paytm,8,6,1,0,2.757892158308949,0.0,0,Android,Mumbai,1,0,0,1398.18375,461.125,6570.15,16,1,-1,1,0.044161669054590846,2026-09-20 08:00:00,0,0,20,30,0,15,0,0,0,65,High,1,3,"(60.0, 70.0]",55,1,55,1,High
TXN_004600,2026-09-16 18:33:42.793653,USER_0235,USER_0046,8533.13,Shopping,P2P,Pune,iOS,BHIM,18,2,0,0,7.961479825564795,0.0,0,Web,Pune,1,0,0,1071.8020000000001,238.695,8533.13,10,1,-1,1,0.11002342015623312,2026-09-16 18:00:00,0,0,20,30,0,15,0,0,0,65,High,1,3,"(60.0, 70.0]",55,1,55,1,High
TXN_002784,2026-09-15 12:17:42.793653,USER_0797,USER_0021,3897.39,Healthcare,P2M,Mumbai,Web,BHIM,12,1,0,0,1.9612101954243464,1.0,0,Web,Chennai,0,1,0,1987.2372727272727,372.12,14523.89,11,1,-1,1,0.027573011327090113,2026-09-15 12:00:00,0,0,20,30,0,0,10,0,0,60,High,1,3,"(50.0, 60.0]",55,1,55,1,High
TXN_005376,2026-09-17 07:29:42.793653,USER_0794,USER_0344,10772.81,Education,P2P,Chennai,Web,Paytm,7,3,0,0,8.19341817516209,0.0,0,Web,Jaipur,0,1,1,1314.8126666666665,309.1,10772.81,15,1,-1,1,0.0960295736099398,2026-09-17 07:00:00,0,0,20,30,0,0,10,0,0,60,High,1,3,"(50.0, 60.0]",55,1,55,1,High
TXN_007317,2026-09-18 15:50:42.793653,USER_0351,USER_1000,15464.31,Bills,P2P,Kolkata,iOS,Other,15,4,0,0,3.185955623313212,0.0,0,iOS,Pune,0,1,1,4853.9,1850.03,15464.31,4,1,-1,1,0.04018172633548178,2026-09-18 15:00:00,0,0,20,30,0,0,10,0,0,60,High,1,3,"(50.0, 60.0]",55,1,55,1,High
TXN_007442,2026-09-18 17:55:42.793653,USER_0111,USER_0872,5130.91,Travel,P2P,Delhi,Android,Other,17,4,0,0,4.845232256046857,0.0,0,Android,Pune,0,1,0,1058.960588235294,271.25,5961.74,17,1,-1,1,0.039393259554823756,2026-09-18 17:00:00,0,0,20,30,0,0,10,0,0,60,High,1,3,"(50.0, 60.0]",55,1,55,1,High
TXN_009057,2026-09-19 20:50:42.793653,USER_0112,USER_0058,1988.92,Travel,P2M,Hyderabad,iOS,PhonePe,20,5,1,0,2.418096849342869,0.0,1,iOS,Mumbai,0,1,0,822.5146153846152,611.45,2388.73,13,1,-1,1,0.035436315392308404,2026-09-19 20:00:00,0,0,20,30,0,0,10,0,0,60,High,1,3,"(50.0, 60.0]",55,1,55,1,High
TXN_007104,2026-09-18 12:17:42.793653,USER_0111,USER_0758,5961.74,Travel,P2M,Pune,Android,Google Pay,12,4,0,0,5.629803475439013,0.0,0,Android,Mumbai,0,1,1,1058.960588235294,271.25,5961.74,17,1,-1,1,0.05890595431407386,2026-09-18 12:00:00,0,0,20,30,0,0,10,0,0,60,High,1,3,"(50.0, 60.0]",55,1,55,1,High
TXN_008244,2026-09-19 07:17:42.793653,USER_0886,USER_0375,8755.48,Travel,P2P,Pune,iOS,Google Pay,7,5,1,0,5.3507970336525315,0.0,0,iOS,Kolkata,0,1,1,1636.2945454545456,609.86,8755.48,11,1,-1,1,0.10168117191828119,2026-09-19 07:00:00,0,0,20,30,0,0,10,0,0,60,High,1,3,"(50.0, 60.0]",55,1,55,1,High
TXN_002458,2026-09-15 06:51:42.793653,USER_0584,USER_0668,1842.5,Entertainment,P2P,Hyderabad,iOS,BHIM,6,1,0,0,2.9718900333480742,1.0,0,iOS,Hyderabad,0,0,0,619.9758333333333,395.115,1842.5,12,1,-1,1,0.03176476916510429,2026-09-15 06:00:00,0,0,20,30,0,0,0,0,0,50,Medium,1,2,"(40.0, 50.0]",50,1,50,1,High
TXN_009506,2026-09-20 04:19:42.793653,USER_0583,USER_0468,118.16,Education,P2M,Chennai,Web,PhonePe,4,6,1,1,0.22987687946416163,1.0,1,Android,Hyderabad,1,1,0,514.0142857142857,242.14,1756.35,7,0,-1,1,0.06002629812777638,2026-09-20 04:00:00,0,0,0,30,0,15,10,5,0,60,High,1,4,"(50.0, 60.0]",50,1,50,1,High
TXN_006699,2026-09-18 05:32:42.793653,USER_0573,USER_0367,1613.85,Travel,P2P,Pune,iOS,Google Pay,5,4,0,1,2.831468362330301,2.0,0,Web,Kolkata,1,1,0,569.9692857142857,397.855,1613.85,14,0,-1,1,0.022733984863884005,2026-09-18 05:00:00,0,0,0,30,0,15,10,5,0,60,High,1,4,"(50.0, 60.0]",50,1,50,1,High
TXN_000322,2026-09-13 19:15:42.793653,USER_0609,USER_0339,5605.15,Grocery,P2P,Pune,Android,Google Pay,19,6,1,0,6.23805625662339,0.0,0,,,0,0,0,898.5411111111111,224.5,5605.15,9,1,-1,1,0.10543147946757603,2026-09-13 19:00:00,0,0,20,30,0,0,0,0,0,50,Medium,1,2,"(40.0, 50.0]",50,1,50,1,High
TXN_000141,2026-09-13 16:14:42.793653,USER_0063,USER_0966,5567.34,Shopping,P2P,Chennai,Web,Other,16,6,1,0,5.427622150599274,0.0,0,,,0,0,1,1025.742,342.32,5567.34,10,1,-1,1,0.09923903734745021,2026-09-13 16:00:00,0,0,20,30,0,0,0,0,0,50,Medium,1,2,"(40.0, 50.0]",50,1,50,1,High
TXN_000121,2026-09-13 15:54:42.793653,USER_0053,USER_0656,2514.83,Travel,P2P,Jaipur,Android,Paytm,15,6,1,0,4.589341854010409,0.0,0,,,0,0,0,547.9718181818181,366.02,2514.83,11,1,-1,1,0.05187795700438602,2026-09-13 15:00:00,0,0,20,30,0,0,0,0,0,50,Medium,1,2,"(40.0, 50.0]",50,1,50,1,High
TXN_000222,2026-09-13 17:35:42.793653,USER_0953,USER_0183,3589.54,Healthcare,P2M,Bangalore,Web,Google Pay,17,6,1,0,3.6745469695946014,0.0,0,,,0,0,0,976.866,555.165,3589.54,10,1,-1,1,0.0591133269676517,2026-09-13 17:00:00,0,0,20,30,0,0,0,0,0,50,Medium,1,2,"(40.0, 50.0]",50,1,50,1,High
TXN_000280,2026-09-13 18:33:42.793653,USER_0625,USER_0894,4909.21,Travel,P2P,Jaipur,Android,Google Pay,18,6,1,0,3.471818231322537,0.0,0,,,0,0,0,1414.017,439.185,4909.21,10,1,-1,1,0.07516887539294548,2026-09-13 18:00:00,0,0,20,30,0,0,0,0,0,50,Medium,1,2,"(40.0, 50.0]",50,1,50,1,High
TXN_003047,2026-09-15 16:40:42.793653,USER_0612,USER_0627,2406.43,Shopping,P2P,Hyderabad,Web,BHIM,16,1,0,0,4.383949039170975,0.0,0,Web,Hyderabad,0,0,0,548.9183333333333,326.005,2406.43,12,1,-1,1,0.016728120788614964,2026-09-15 16:00:00,0,0,20,30,0,0,0,0,0,50,Medium,1,2,"(40.0, 50.0]",50,1,50,1,High
TXN_007934,2026-09-19 02:07:42.793653,USER_0971,USER_0802,1661.48,Shopping,P2M,Kolkata,iOS,Paytm,2,5,1,1,2.0660311484285176,1.0,0,Android,Hyderabad,1,1,0,804.1892307692307,1014.97,1661.48,13,0,-1,1,0.01946634940065295,2026-09-19 02:00:00,0,0,0,30,0,15,10,5,0,60,High,1,4,"(50.0, 60.0]",50,1,50,1,High
TXN_007915,2026-09-19 01:48:42.793653,USER_0607,USER_0573,415.12,Bills,P2P,Pune,Web,Google Pay,1,5,1,1,0.8210542971555156,2.0,0,Android,Bangalore,1,1,0,505.59384615384613,405.77,1591.06,13,0,-1,1,0.007169518894371785,2026-09-19 01:00:00,0,0,0,30,0,15,10,5,0,60,High,1,4,"(50.0, 60.0]",50,1,50,1,High
TXN_003968,2026-09-16 08:01:42.793653,USER_0425,USER_0868,2338.6,Grocery,P2P,Pune,Web,Google Pay,8,2,0,0,4.673461231015188,0.0,0,Web,Pune,0,0,0,500.4,357.4,2338.6,11,1,-1,1,0.02425003326828923,2026-09-16 08:00:00,0,0,20,30,0,0,0,0,0,50,Medium,1,2,"(40.0, 50.0]",50,1,50,1,High
TXN_009752,2026-09-20 08:25:42.793653,USER_0674,USER_0496,4942.79,Food,P2P,Kolkata,iOS,BHIM,8,6,1,0,3.697526075660747,0.0,0,iOS,Kolkata,0,0,0,1336.783,698.87,4942.79,10,1,-1,1,0.08025144080702251,2026-09-20 08:00:00,0,0,20,30,0,0,0,0,0,50,Medium,1,2,"(40.0, 50.0]",50,1,50,1,High
TXN_001161,2026-09-14 09:14:42.793653,USER_0667,USER_0364,2577.69,Travel,P2P,Kolkata,Android,Google Pay,9,0,0,0,3.6053553338541744,0.0,0,,,0,0,1,714.9614285714285,614.01,2577.69,7,1,-1,1,0.006407530769412029,2026-09-14 09:00:00,0,0,20,30,0,0,0,0,0,50,Medium,1,2,"(40.0, 50.0]",50,1,50,1,High
TXN_001156,2026-09-14 09:09:42.793653,USER_0696,USER_0872,3172.3,Shopping,P2M,Delhi,iOS,BHIM,9,0,0,0,3.964175836809366,0.0,0,,,0,0,0,800.242,315.645,3172.3,10,1,-1,1,0.025761567941301355,2026-09-14 09:00:00,0,0,20,30,0,0,0,0,0,50,Medium,1,2,"(40.0, 50.0]",50,1,50,1,High
TXN_001970,2026-09-14 22:43:42.793653,USER_0571,USER_0466,2985.92,Entertainment,P2M,Kolkata,iOS,Paytm,22,0,0,0,4.705406680091535,0.0,0,,,0,0,1,634.5721428571429,294.66999999999996,2985.92,14,1,-1,1,0.04187950259986706,2026-09-14 22:00:00,0,0,20,30,0,0,0,0,0,50,Medium,1,2,"(40.0, 50.0]",50,1,50,1,High
TXN_001841,2026-09-14 20:34:42.793653,USER_0599,USER_0303,2198.39,Entertainment,P2P,Delhi,Android,Paytm,20,0,0,0,3.913304298293499,0.0,0,,,0,0,0,561.7733333333333,295.62,2198.39,9,1,-1,1,0.0014267768366501565,2026-09-14 20:00:00,0,0,20,30,0,0,0,0,0,50,Medium,1,2,"(40.0, 50.0]",50,1,50,1,High
TXN_001678,2026-09-14 17:51:42.793653,USER_0590,USER_0649,2669.47,Travel,P2P,Chennai,Web,PhonePe,17,0,0,0,3.4565898198109872,0.0,0,,,0,0,0,772.2842857142857,415.37,2669.47,7,1,-1,1,0.006235153372583846,2026-09-14 17:00:00,0,0,20,30,0,0,0,0,0,50,Medium,1,2,"(40.0, 50.0]",50,1,50,1,High
TXN_001381,2026-09-14 12:54:42.793653,USER_0642,USER_0315,2658.39,Entertainment,P2M,Mumbai,Web,Other,12,0,0,0,3.5880248007085913,0.0,0,Web,Mumbai,0,0,0,740.90625,432.55,2658.39,8,1,-1,1,0.00795699234667635,2026-09-14 12:00:00,0,0,20,30,0,0,0,0,0,50,Medium,1,2,"(40.0, 50.0]",50,1,50,1,High
TXN_000223,2026-09-13 17:36:42.793653,USER_0646,USER_0520,2860.22,Grocery,P2P,Hyderabad,iOS,PhonePe,17,6,1,0,3.7304784470578003,0.0,0,,,0,0,0,766.7166666666667,573.49,2860.22,12,1,-1,1,0.045057902241580905,2026-09-13 17:00:00,0,0,20,30,0,0,0,0,0,50,Medium,1,2,"(40.0, 50.0]",50,1,50,1,High
TXN_001765,2026-09-14 19:18:42.793653,USER_0514,USER_0009,2584.57,Grocery,P2P,Hyderabad,Android,Google Pay,19,0,0,0,4.0465821437145335,0.0,0,,,0,0,0,638.7044444444444,436.12,2584.57,9,1,-1,1,0.01225203258737928,2026-09-14 19:00:00,0,0,20,30,0,0,0,0,0,50,Medium,1,2,"(40.0, 50.0]",50,1,50,1,High
TXN_001181,2026-09-14 09:34:42.793653,USER_0524,USER_0569,3763.84,Shopping,P2M,Delhi,Web,PhonePe,9,0,0,0,5.066526997988184,0.0,0,,,0,0,0,742.8836363636364,350.63,3763.84,11,1,-1,1,0.05526114763148071,2026-09-14 09:00:00,0,0,20,30,0,0,0,0,0,50,Medium,1,2,"(40.0, 50.0]",50,1,50,1,High
TXN_000974,2026-09-14 06:07:42.793653,USER_0502,USER_0861,5043.95,Bills,P2P,Chennai,Web,Paytm,6,0,0,0,4.800495535841749,0.0,0,,,0,0,1,1050.7144444444446,450.48,5043.95,9,1,-1,1,0.06900010945329349,2026-09-14 06:00:00,0,0,20,30,0,0,0,0,0,50,Medium,1,2,"(40.0, 50.0]",50,1,50,1,High
TXN_000081,2026-09-13 15:14:42.793653,USER_0509,USER_0722,2512.59,Grocery,P2P,Hyderabad,iOS,PhonePe,15,6,1,0,4.786863809401749,0.0,0,,,0,0,1,524.8927272727273,338.2,2512.59,11,1,-1,1,0.05460714029286584,2026-09-13 15:00:00,0,0,20,30,0,0,0,0,0,50,Medium,1,2,"(40.0, 50.0]",50,1,50,1,High
TXN_001856,2026-09-14 20:49:42.793653,USER_0455,USER_0742,4950.94,Shopping,P2P,Pune,Android,Other,20,0,0,0,4.315573522974976,0.0,0,Android,Pune,0,0,0,1147.2264285714286,584.9449999999999,4950.94,14,1,-1,1,0.06347971954043885,2026-09-14 20:00:00,0,0,20,30,0,0,0,0,0,50,Medium,1,2,"(40.0, 50.0]",50,1,50,1,High
TXN_000393,2026-09-13 20:26:42.793653,USER_0420,USER_0949,2048.45,Education,P2P,Pune,Android,Other,20,6,1,0,2.5992215891019086,0.0,0,,,0,0,0,788.1013333333334,399.14,2523.59,15,1,-1,1,0.0015630134095968584,2026-09-13 20:00:00,0,0,20,30,0,0,0,0,0,50,Medium,1,2,"(40.0, 50.0]",50,1,50,1,High
TXN_009634,2026-09-20 06:27:42.793653,USER_0433,USER_0921,2477.09,Education,P2M,Bangalore,Web,PhonePe,6,6,1,0,3.7253074948169,1.0,0,Web,Bangalore,0,0,0,664.9357142857143,295.28,2477.09,7,1,-1,1,0.06886914646170728,2026-09-20 06:00:00,0,0,20,30,0,0,0,0,0,50,Medium,1,2,"(40.0, 50.0]",50,1,50,1,High
TXN_000594,2026-09-13 23:47:42.793653,USER_0370,USER_0131,1749.04,Food,P2P,Delhi,Web,PhonePe,23,6,1,0,2.941674815774109,0.0,0,,,0,0,0,594.5728571428572,388.43,1749.04,7,1,-1,1,0.0039824676353428234,2026-09-13 23:00:00,0,0,20,30,0,0,0,0,0,50,Medium,1,2,"(40.0, 50.0]",50,1,50,1,High
TXN_000234,2026-09-13 17:47:42.793653,USER_0348,USER_0157,1988.14,Education,P2M,Delhi,iOS,BHIM,17,6,1,0,4.2040638216070745,0.0,0,,,0,0,0,472.90909090909093,294.71,1988.14,11,1,-1,1,0.03523515943637434,2026-09-13 17:00:00,0,0,20,30,0,0,0,0,0,50,Medium,1,2,"(40.0, 50.0]",50,1,50,1,High
TXN_000072,2026-09-13 15:05:42.793653,USER_0346,USER_0301,2133.05,Food,P2M,Chennai,iOS,Other,15,6,1,0,3.1171465135165044,0.0,0,,,0,0,0,684.2957142857142,361.37,2133.05,7,1,-1,1,0.014234234010869207,2026-09-13 15:00:00,0,0,20,30,0,0,0,0,0,50,Medium,1,2,"(40.0, 50.0]",50,1,50,1,High
TXN_009068,2026-09-19 21:01:42.793653,USER_0312,USER_0124,1999.59,Bills,P2P,Jaipur,Web,Other,21,5,1,0,2.932681166859774,0.0,0,Web,Jaipur,0,0,0,681.83,264.115,1999.59,6,1,-1,1,0.010261720636217664,2026-09-19 21:00:00,0,0,20,30,0,0,0,0,0,50,Medium,1,2,"(40.0, 50.0]",50,1,50,1,High
TXN_001290,2026-09-14 11:23:42.793653,USER_0315,USER_0156,6169.42,Travel,P2P,Jaipur,Web,PhonePe,11,0,0,0,3.466837174988581,0.0,0,,,0,0,0,1779.552857142857,781.21,6169.42,7,1,-1,1,0.061345846279149185,2026-09-14 11:00:00,0,0,20,30,0,0,0,0,0,50,Medium,1,2,"(40.0, 50.0]",50,1,50,1,High
TXN_005711,2026-09-17 13:04:42.793653,USER_0310,USER_0182,4866.96,Travel,P2P,Mumbai,iOS,Google Pay,13,3,0,0,5.1847805678324175,0.0,0,iOS,Mumbai,0,0,0,938.70125,420.0,4866.96,8,1,-1,1,0.07193168852372522,2026-09-17 13:00:00,0,0,20,30,0,0,0,0,0,50,Medium,1,2,"(40.0, 50.0]",50,1,50,1,High
TXN_002002,2026-09-14 23:15:42.793653,USER_0372,USER_0611,3295.67,Travel,P2M,Kolkata,iOS,BHIM,23,0,0,0,2.618603801169591,0.0,0,,,0,0,0,1258.56,651.84,3295.67,5,1,-1,1,0.0072653509867659505,2026-09-14 23:00:00,0,0,20,30,0,0,0,0,0,50,Medium,1,2,"(40.0, 50.0]",50,1,50,1,High
TXN_000179,2026-09-13 16:52:42.793653,USER_0769,USER_0643,2774.91,Grocery,P2M,Kolkata,Android,PhonePe,16,6,1,0,4.060936346518457,0.0,0,,,0,0,0,683.3177777777778,293.91,2774.91,9,1,-1,1,0.04553688895190611,2026-09-13 16:00:00,0,0,20,30,0,0,0,0,0,50,Medium,1,2,"(40.0, 50.0]",50,1,50,1,High
TXN_000150,2026-09-13 16:23:42.793653,USER_0773,USER_0906,2785.87,Education,P2M,Delhi,iOS,BHIM,16,6,1,0,3.0461980886565923,0.0,0,,,0,0,1,914.54,406.37,2785.87,4,1,-1,1,0.029333120659588485,2026-09-13 16:00:00,0,0,20,30,0,0,0,0,0,50,Medium,1,2,"(40.0, 50.0]",50,1,50,1,High
TXN_001469,2026-09-14 14:22:42.793653,USER_0391,USER_0332,4030.82,Food,P2M,Pune,Android,Other,14,0,0,0,3.829638637882994,0.0,0,,,0,0,1,1052.5327272727272,826.47,4030.82,11,1,-1,1,0.04107794027748035,2026-09-14 14:00:00,0,0,20,30,0,0,0,0,0,50,Medium,1,2,"(40.0, 50.0]",50,1,50,1,High
TXN_001800,2026-09-14 19:53:42.793653,USER_0736,USER_0644,3280.16,Bills,P2M,Bangalore,Web,PhonePe,19,0,0,0,5.052952179749564,0.0,0,Web,Bangalore,0,0,0,649.157142857143,375.845,3280.16,14,1,-1,1,0.050423799684682136,2026-09-14 19:00:00,0,0,20,30,0,0,0,0,0,50,Medium,1,2,"(40.0, 50.0]",50,1,50,1,High
TXN_004187,2026-09-16 11:40:42.793653,USER_0476,USER_0670,2157.27,Education,P2P,Jaipur,Web,PhonePe,11,2,0,0,1.801949184723419,1.0,0,Web,Jaipur,0,0,0,1197.186923076923,458.26,8608.03,13,1,-1,1,0.008698397373042566,2026-09-16 11:00:00,0,0,20,30,0,0,0,0,0,50,Medium,1,2,"(40.0, 50.0]",50,1,50,1,High
TXN_000547,2026-09-13 23:00:42.793653,USER_0471,USER_0209,6851.99,Bills,P2P,Mumbai,Web,Google Pay,23,6,1,0,6.401997370694677,0.0,0,,,0,0,1,1070.2894117647058,433.34,6851.99,17,1,-1,1,0.11215812571771511,2026-09-13 23:00:00,0,0,20,30,0,0,0,0,0,50,Medium,1,2,"(40.0, 50.0]",50,1,50,1,High
TXN_001577,2026-09-14 16:10:42.793653,USER_0814,USER_0552,5133.09,Education,P2P,Delhi,Web,Other,16,0,0,0,5.003245765883785,0.0,0,,,0,0,0,1025.952,439.355,5133.09,10,1,-1,1,0.07374215579237064,2026-09-14 16:00:00,0,0,20,30,0,0,0,0,0,50,Medium,1,2,"(40.0, 50.0]",50,1,50,1,High
TXN_000027,2026-09-13 14:20:42.793653,USER_0806,USER_0204,3132.46,Healthcare,P2P,Jaipur,Web,Paytm,14,6,1,0,3.3778100476529804,0.0,0,,,0,0,0,927.3641666666667,539.01,3132.46,12,1,-1,1,0.04648927878933928,2026-09-13 14:00:00,0,0,20,30,0,0,0,0,0,50,Medium,1,2,"(40.0, 50.0]",50,1,50,1,High
TXN_000457,2026-09-13 21:30:42.793653,USER_0829,USER_0241,2728.92,Shopping,P2P,Kolkata,Android,Other,21,6,1,0,3.6544516440062216,0.0,0,,,0,0,0,746.7385714285714,335.85,2728.92,7,1,-1,1,0.03922796828727482,2026-09-13 21:00:00,0,0,20,30,0,0,0,0,0,50,Medium,1,2,"(40.0, 50.0]",50,1,50,1,High
TXN_000581,2026-09-13 23:34:42.793653,USER_0196,USER_0968,2533.2,Grocery,P2P,Bangalore,Web,Paytm,23,6,1,0,2.997919492157266,0.0,0,,,0,0,0,844.9860000000001,532.415,2533.2,10,1,-1,1,0.023421868467262463,2026-09-13 23:00:00,0,0,20,30,0,0,0,0,0,50,Medium,1,2,"(40.0, 50.0]",50,1,50,1,High
TXN_001035,2026-09-14 07:08:42.793653,USER_0870,USER_0157,5076.55,Grocery,P2P,Hyderabad,Web,Paytm,7,0,0,0,4.134104978277127,0.0,0,,,0,0,0,1227.9683333333335,541.825,5076.55,6,1,-1,1,0.06106268696381156,2026-09-14 07:00:00,0,0,20,30,0,0,0,0,0,50,Medium,1,2,"(40.0, 50.0]",50,1,50,1,High
TXN_000466,2026-09-13 21:39:42.793653,USER_0172,USER_0041,5957.34,Bills,P2M,Bangalore,Android,BHIM,21,6,1,0,6.347177281449336,0.0,0,,,0,0,0,938.5810000000001,258.435,5957.34,10,1,-1,1,0.1082852888425756,2026-09-13 21:00:00,0,0,20,30,0,0,0,0,0,50,Medium,1,2,"(40.0, 50.0]",50,1,50,1,High
TXN_000167,2026-09-13 16:40:42.793653,USER_0099,USER_0409,2498.61,Travel,P2P,Kolkata,iOS,Paytm,16,6,1,0,3.984354568823101,0.0,0,,,0,0,0,627.1053333333333,327.77,2498.61,15,1,-1,1,0.039732164559245886,2026-09-13 16:00:00,0,0,20,30,0,0,0,0,0,50,Medium,1,2,"(40.0, 50.0]",50,1,50,1,High
TXN_009553,2026-09-20 05:06:42.793653,USER_0074,USER_0798,1416.97,Shopping,P2P,Mumbai,iOS,Google Pay,5,6,1,1,1.1283697021940766,1.0,0,Android,Pune,1,1,0,1255.7675,740.67,5216.01,8,0,-1,1,0.0031791045273977803,2026-09-20 05:00:00,0,0,0,30,0,15,10,5,0,60,High,1,4,"(50.0, 60.0]",50,1,50,1,High
TXN_000339,2026-09-13 19:32:42.793653,USER_0148,USER_0804,6413.37,Education,P2P,Delhi,Web,Google Pay,19,6,1,0,5.555049241592078,0.0,0,,,0,0,0,1154.5118181818182,506.47,6413.37,11,1,-1,1,0.10324964218268828,2026-09-13 19:00:00,0,0,20,30,0,0,0,0,0,50,Medium,1,2,"(40.0, 50.0]",50,1,50,1,High
TXN_000486,2026-09-13 21:59:42.793653,USER_0116,USER_0661,3541.37,Shopping,P2M,Hyderabad,iOS,Google Pay,21,6,1,0,3.7577088117076323,0.0,0,,,0,0,1,942.4279999999999,444.78,3541.37,10,1,-1,1,0.06022259458909551,2026-09-13 21:00:00,0,0,20,30,0,0,0,0,0,50,Medium,1,2,"(40.0, 50.0]",50,1,50,1,High
TXN_000010,2026-09-13 14:03:42.793653,USER_0122,USER_0105,4731.14,Education,P2M,Bangalore,Android,Paytm,14,6,1,0,2.9276839965774104,0.0,0,,,0,0,1,1616.0009090909089,552.41,7845.53,11,1,-1,1,0.06227949450606218,2026-09-13 14:00:00,0,0,20,30,0,0,0,0,0,50,Medium,1,2,"(40.0, 50.0]",50,1,50,1,High
TXN_000308,2026-09-13 19:01:42.793653,USER_0123,USER_0568,3050.08,Shopping,P2M,Hyderabad,Android,BHIM,19,6,1,0,2.3135335453565293,0.0,0,,,0,0,0,1318.3642857142856,556.89,3050.08,7,1,-1,1,0.02057578906304769,2026-09-13 19:00:00,0,0,20,30,0,0,0,0,0,50,Medium,1,2,"(40.0, 50.0]",50,1,50,1,High
TXN_001049,2026-09-14 07:22:42.793653,USER_0878,USER_0172,3142.71,Education,P2M,Delhi,iOS,BHIM,7,0,0,0,3.0635877406189476,0.0,0,iOS,Delhi,0,0,0,1025.8266666666668,649.98,3142.71,9,1,-1,1,0.011278251759570423,2026-09-14 07:00:00,0,0,20,30,0,0,0,0,0,50,Medium,1,2,"(40.0, 50.0]",50,1,50,1,High
TXN_000076,2026-09-13 15:09:42.793653,USER_0092,USER_0907,5276.77,Education,P2P,Pune,Web,Paytm,15,6,1,0,4.95231418392591,0.0,0,,,0,0,0,1065.516,298.39,5276.77,10,1,-1,1,0.09567083358632156,2026-09-13 15:00:00,0,0,20,30,0,0,0,0,0,50,Medium,1,2,"(40.0, 50.0]",50,1,50,1,High
TXN_001825,2026-09-14 20:18:42.793653,USER_0075,USER_0898,2861.81,Grocery,P2P,Pune,Android,Other,20,0,0,0,3.8240576185576654,0.0,0,Android,Pune,0,0,0,748.37,360.95,2861.81,16,1,-1,1,0.01660303266436214,2026-09-14 20:00:00,0,0,20,30,0,0,0,0,0,50,Medium,1,2,"(40.0, 50.0]",50,1,50,1,High
TXN_009600,2026-09-20 05:53:42.793653,USER_0101,USER_0627,57.78,Entertainment,P2P,Bangalore,Android,PhonePe,5,6,1,1,0.04852037217426355,1.0,0,Web,Kolkata,1,1,0,1190.84,1188.36,3566.52,11,0,-1,1,0.0020760298019840695,2026-09-20 05:00:00,0,0,0,30,0,15,10,5,0,60,High,1,4,"(50.0, 60.0]",50,1,50,1,High
TXN_000395,2026-09-13 20:28:42.793653,USER_0104,USER_0870,4986.25,Entertainment,P2P,Chennai,iOS,Paytm,20,6,1,0,4.670291440369194,0.0,0,,,0,0,0,1067.652857142857,592.495,4986.25,14,1,-1,1,0.09193641967374266,2026-09-13 20:00:00,0,0,20,30,0,0,0,0,0,50,Medium,1,2,"(40.0, 50.0]",50,1,50,1,High
TXN_001786,2026-09-14 19:39:42.793653,USER_0940,USER_0361,14756.91,Grocery,P2P,Hyderabad,iOS,Paytm,19,0,0,0,9.53879080205967,0.0,0,,,0,0,0,1547.0420000000001,461.65,14756.91,15,1,-1,1,0.12235590447950806,2026-09-14 19:00:00,0,0,20,30,0,0,0,0,0,50,Medium,1,2,"(40.0, 50.0]",50,1,50,1,High
TXN_000180,2026-09-13 16:53:42.793653,USER_0005,USER_0164,7763.08,Entertainment,P2M,Hyderabad,Android,Google Pay,16,6,1,0,7.165758311094519,0.0,0,,,0,0,1,1083.3577777777778,192.42,7763.08,9,1,-1,1,0.1157614198712772,2026-09-13 16:00:00,0,0,20,30,0,0,0,0,0,50,Medium,1,2,"(40.0, 50.0]",50,1,50,1,High
TXN_000290,2026-09-13 18:43:42.793653,USER_0997,USER_0206,2315.49,Travel,P2P,Delhi,Web,Paytm,18,6,1,0,4.219410282248879,0.0,0,,,0,0,0,548.771,326.475,2315.49,10,1,-1,1,0.03968755407158553,2026-09-13 18:00:00,0,0,20,30,0,0,0,0,0,50,Medium,1,2,"(40.0, 50.0]",50,1,50,1,High
